1,17,42113111,17,37406886
2,3,9779860,3,20040446
3,3,9779860,3,183697797
4,3,20040446,3,183697797
5,3,45689056,3,139355600
6,3,32525974,3,150546678
7,X,135050932,X,141111605
8,X,135050932,X,135020513
9,X,135050932,X,135032355
10,X,141111605,X,135020513
11,X,141111605,X,135032355
12,X,135020513,X,135032355
13,9,129738331,9,5357971
14,9,127785679,9,20341669
15,5,95885098,5,132875395
16,8,10764961,8,73008864
18,19,43192702,19,43007656
19,17,42980565,17,5282265
20,12,53307456,12,57055643
21,2,27032910,2,130151392
22,2,27032910,2,202206180
23,2,130151392,2,202206180
24,1,53765478,1,28505943
25,5,154887411,5,157743712
26,3,25597905,3,51993522
27,1,46040140,1,9651731
28,3,179148114,3,138652698
29,8,10764961,8,55773446
30,2,189441446,2,28894667
31,19,39834458,19,19900913
32,19,47113274,19,18374731
33,1,152908546,1,153357854
34,7,102464956,7,104126341
35,10,70882280,10,123154402
36,11,6603708,11,12377563
37,22,44172956,22,43999211
38,11,28020619,11,67398183
39,3,188153284,3,135965728
40,3,188153284,3,45555394
41,3,135965728,3,45555394
42,7,94907202,7,98106862
43,12,51061205,12,110719680
44,19,1228287,19,54448887
45,12,51061205,12,110719680
46,11,62707676,11,72576141
47,8,17922840,8,67062426
48,14,60709539,14,105300563
49,7,23181841,7,130164713
50,7,23181841,7,135557917
52,2,112368369,2,202206180
53,2,112368369,2,108719482
54,2,112368369,2,130151392
55,2,112368369,2,27032910
56,2,112368369,2,183117513
57,2,202206180,2,108719482
58,2,202206180,2,130151392
59,2,202206180,2,27032910
60,2,202206180,2,183117513
61,11,3671083,11,62792123
62,11,3671083,11,47778087
63,6,149724315,6,17615035
64,2,108719482,2,130151392
65,2,108719482,2,27032910
66,2,108719482,2,183117513
67,1,53765478,1,229440259
68,11,62792123,11,47778087
69,12,68686951,12,53307456
70,12,68686951,12,102073103
71,2,130151392,2,27032910
72,2,130151392,2,183117513
73,12,53307456,12,102073103
74,7,130164713,7,135557917
75,2,27032910,2,183117513
76,17,82101460,17,8188345
77,10,5035354,10,5195462
78,14,105620506,14,105764503
79,4,82818509,4,109433772
80,22,44492583,22,38200767
81,1,27404230,1,32741830
82,1,153614255,1,153606886
83,18,36187497,18,11851413
84,11,70270700,11,6474683
85,11,70270700,11,111726908
86,11,6474683,11,111726908
87,14,101761798,14,63371364
88,3,158644278,3,45388561
89,2,44316281,2,55236595
90,3,48856926,3,170864875
91,1,172532349,1,84398532
92,5,137745651,5,178204533
93,17,1829702,17,5419641
94,1,152908546,1,153357854
95,17,64542282,17,17212212
96,1,110338506,1,203795654
97,22,29505879,22,42583721
98,19,14408798,19,40319536
99,6,33391823,6,17615035
100,2,112368369,2,108719482
101,22,45163925,22,41245611
102,16,70246778,16,82147798
103,9,37766978,9,130693721
104,5,148383935,5,93617725
105,6,31777518,6,73515750
106,5,148383935,5,93617725
107,9,111360692,9,112217716
108,6,29887752,6,30489509
109,6,29887752,6,31268749
111,2,232479827,2,88556741
112,1,119648411,1,156035299
113,9,107283137,9,83659968
114,17,7217125,17,75038863
116,7,111726110,7,149126416
117,7,111726110,7,36854361
118,7,149126416,7,36854361
119,3,49277144,3,50674927
120,10,110567691,10,86435256
121,19,7680833,19,45162928
122,X,151396515,X,40579372
123,20,23823769,20,23747553
124,7,87503017,7,3301252
125,7,87503017,7,121873089
126,7,3301252,7,121873089
127,5,138610967,5,24487100
128,5,146113034,5,168486451
129,6,149504495,6,154733325
130,3,50088919,3,101574180
131,10,6089034,10,68721012
132,19,7680833,19,45162928
133,11,119334527,11,9460319
134,1,23795599,1,10398592
135,1,23795599,1,169105697
136,1,10398592,1,169105697
137,16,30064164,16,2211593
138,2,240605430,2,131218067
139,17,20009344,17,18244815
140,14,71320449,14,34709113
141,1,23084023,1,229431245
142,1,23084023,1,202348699
143,12,50175788,12,79773563
144,6,84124241,6,30676389
145,19,3958453,19,37907208
146,4,41359607,4,7758714
147,15,51829628,15,32615144
148,15,51829628,15,52307283
149,9,121207794,9,137191617
150,9,121207794,9,35681992
151,9,121207794,9,98120975
152,15,32615144,15,52307283
153,9,137191617,9,35681992
154,9,137191617,9,98120975
155,9,35681992,9,98120975
156,1,229431245,1,202348699
157,2,62673851,2,238320441
158,18,35251058,18,35332227
159,18,35251058,18,35241030
160,19,58083838,19,58326994
161,19,58083838,19,56132599
162,19,58083838,19,58474017
163,16,3263800,16,3129777
164,16,3263800,16,3401215
165,16,3263800,16,3382081
166,19,58326994,19,56132599
167,19,58326994,19,58474017
168,18,35332227,18,35241030
173,19,56132599,19,58474017
177,7,100049774,7,99473877
178,7,100049774,7,100015572
182,16,3129777,16,3401215
183,16,3129777,16,3382081
185,16,3401215,16,3382081
186,3,94047836,3,50317790
187,15,52192322,15,59132434
188,15,52192322,15,52307283
189,2,237627587,2,54456317
190,1,23084023,1,77888513
191,9,97501180,9,109498325
192,17,29625938,17,18244815
193,17,29625938,17,20009344
194,17,29625938,17,36495633
195,10,5524961,10,114431113
196,14,64704102,14,104689606
197,14,64704102,14,90396502
198,14,104689606,14,90396502
199,12,108645109,12,43793723
200,5,17065598,5,34656328
201,5,17065598,5,39371675
202,4,7758714,4,185585444
203,5,34656328,5,39371675
204,15,59132434,15,52307283
205,17,18244815,17,20009344
206,17,18244815,17,36495633
207,17,20009344,17,36495633
209,2,105744912,2,74549026
210,12,12357078,12,55716037
211,19,36003307,19,45333434
212,8,28494205,8,103298433
213,1,17249098,1,153547329
214,1,17249098,1,159854316
215,1,17249098,1,201283452
216,1,153547329,1,159854316
217,1,153547329,1,201283452
218,1,159854316,1,201283452
219,17,5440917,17,78787381
220,1,944203,1,229626247
221,17,16342534,17,5440917
222,1,45550543,1,33007940
223,10,74151202,10,119571802
224,2,70209444,2,237966827
225,8,81280536,8,103021063
226,8,81280536,8,30678066
227,5,95751319,5,151742316
228,8,103021063,8,30678066
229,7,76048051,7,138002324
230,7,76048051,7,48088628
231,7,76048051,7,134549110
232,7,138002324,7,48088628
233,7,138002324,7,134549110
234,7,48088628,7,134549110
235,1,32741830,1,27404230
236,2,163593396,2,210431249
237,16,28097979,16,70687439
238,12,122527246,12,120127202
239,17,80991598,17,81035122
240,11,93661682,11,74012714
241,1,84643707,1,93179919
242,16,649311,16,15865719
243,18,21704957,18,36829106
244,8,67062426,8,123041968
245,8,67062426,8,17922840
246,8,123041968,8,17922840
247,22,32354885,22,29438583
248,22,32354885,22,32190435
249,22,29438583,22,32190435
250,2,86143932,2,176269395
251,1,32013868,1,182839347
252,5,128083766,5,1050384
253,6,161129967,6,121435595
254,17,10628526,17,10443290
255,17,19215615,17,50532682
256,12,39293228,12,120469850
257,11,17077730,11,85957175
258,17,7014495,17,67825503
259,19,18990888,19,797075
260,1,84498325,1,235547685
261,1,84498325,1,1785285
262,1,84498325,1,109548615
263,1,84498325,1,21596215
264,1,235547685,1,1785285
265,1,235547685,1,109548615
266,1,235547685,1,21596215
267,1,1785285,1,109548615
268,1,1785285,1,21596215
269,3,50226292,3,179396088
270,1,109548615,1,21596215
271,1,153981617,1,229271062
272,1,88935773,1,43451003
273,3,187721377,3,72371825
274,X,40049815,X,106813871
275,X,40049815,X,129981107
276,X,106813871,X,129981107
277,12,105107324,12,110491083
278,10,69123512,10,45727200
279,10,69123512,10,50067888
280,10,45727200,10,50067888
281,17,7288263,17,76038775
283,11,116820700,11,116829706
284,1,145241630,1,45550543
285,16,58295080,16,85676198
286,17,5440917,17,78787381
287,1,204073115,1,26234200
294,7,81946444,7,55019017
295,3,197960200,3,50317790
296,17,77280569,17,73283624
297,4,56977722,4,154781213
298,19,1086574,19,39436156
299,1,150321479,1,31259568
300,12,14784582,12,48829756
301,16,80540734,16,1826941
302,16,23388493,16,69320140
303,16,23388493,16,70480568
304,16,69320140,16,70480568
305,13,45464898,13,39655627
306,1,21440128,1,16562319
307,7,111726110,7,149126416
308,7,111726110,7,36854361
309,7,149126416,7,36854361
310,9,93451685,9,123109500
311,10,19816239,10,5195462
312,22,22887780,22,22922594
313,22,22887780,22,23573125
314,22,22922594,22,23573125
315,11,67605653,11,47565336
316,12,119667864,12,49002274
317,1,147155106,1,56645314
318,11,70203163,11,117144284
323,4,153466346,4,52020706
324,8,80967810,8,55879835
325,19,8509678,19,4969113
326,10,94938658,10,94683729
327,5,151029945,5,76953045
328,16,70246778,16,82147798
329,5,87318416,5,69234795
330,19,48332356,19,10512742
331,17,4669774,17,7561919
332,1,2050411,1,214348700
333,14,73275107,14,95181940
334,6,41546426,6,117675469
335,X,93670930,X,8790795
336,15,72654738,15,73994673
337,1,17406760,1,32013868
338,1,17406760,1,193121958
339,1,17406760,1,186311652
340,1,17406760,1,24631716
341,1,17406760,1,203861599
342,1,17406760,1,70205682
343,1,17406760,1,182839347
344,1,32013868,1,193121958
345,1,32013868,1,186311652
346,1,32013868,1,24631716
347,1,32013868,1,203861599
348,1,32013868,1,70205682
349,1,32013868,1,182839347
350,3,128064778,3,142964497
351,1,193121958,1,186311652
352,1,193121958,1,24631716
353,1,193121958,1,203861599
354,1,193121958,1,70205682
355,1,193121958,1,182839347
356,1,186311652,1,24631716
357,1,186311652,1,203861599
358,1,186311652,1,70205682
359,1,186311652,1,182839347
360,12,69239569,12,130872037
361,12,69239569,12,95858928
362,12,69239569,12,48829756
363,12,69239569,12,6570082
364,19,40750637,19,45687454
365,19,40750637,19,8444767
366,19,40750637,19,1573596
367,1,24631716,1,203861599
368,1,24631716,1,70205682
369,1,24631716,1,182839347
370,11,57325986,11,9384652
371,19,45687454,19,8444767
372,19,45687454,19,1573596
373,14,73058532,14,69726900
374,5,140647058,5,146447311
375,5,140647058,5,126776623
376,22,41673933,22,38483438
377,19,8444767,19,1573596
378,2,108719482,2,152651593
379,2,108719482,2,85602856
380,2,108719482,2,47695530
381,12,130872037,12,95858928
382,12,130872037,12,48829756
383,12,130872037,12,6570082
384,9,33041765,9,97633668
385,9,33041765,9,15464066
386,17,39461486,17,47649476
387,17,39461486,17,64498254
388,7,100875103,7,139340359
389,2,152651593,2,85602856
390,2,152651593,2,47695530
391,17,47649476,17,64498254
392,2,85602856,2,47695530
393,5,146447311,5,126776623
394,1,203861599,1,70205682
395,1,203861599,1,182839347
396,12,95858928,12,48829756
397,12,95858928,12,6570082
398,9,97633668,9,15464066
399,1,70205682,1,182839347
400,12,48829756,12,6570082
401,2,178431414,2,71130632
402,2,178431414,2,130342877
403,2,71130632,2,130342877
404,9,17134982,9,74980790
405,10,124942123,10,68282660
406,12,110468415,12,8032716
407,15,51938025,15,78277835
409,1,31365253,1,159918107
410,12,39293228,12,120469850
411,11,116820700,11,116829706
412,11,116820700,11,5225464
413,11,116829706,11,5225464
415,11,36483769,11,93329971
416,11,129899706,11,58579063
417,17,82050691,17,60443158
418,17,82050691,17,17246616
419,14,24114195,14,49598761
420,14,24114195,14,72926377
421,15,49106068,15,83016423
422,2,231781671,2,237085882
423,2,231781671,2,224470150
424,14,49598761,14,72926377
425,2,237085882,2,224470150
426,17,60443158,17,17246616
427,3,128619969,3,31532638
428,7,75092573,7,74796144
429,19,19900913,19,39834458
430,1,9234775,1,11664200
431,1,113696831,1,205789094
432,17,73207353,17,81976807
433,17,7484366,17,75626845
434,1,26876132,1,92299059
435,22,29438583,22,32354885
436,22,29438583,22,32190435
437,22,32354885,22,32190435
438,11,66638617,11,66664998
439,17,82752065,17,29071124
440,12,39293228,12,120469850
441,X,47232866,X,103628704
442,2,105744912,2,74549026
443,3,101574180,3,50088919
444,14,101761798,14,63371364
445,6,160991727,6,85607785
446,10,4963253,10,5035354
447,3,108549864,3,10026414
448,1,200551497,1,111755245
449,17,76081016,17,744421
450,16,29992330,16,58157907
451,11,8980576,11,104036640
452,1,212565334,1,58780791
453,17,42773449,17,48929316
454,15,101281510,15,24823637
455,12,122078756,12,27523431
456,6,32578769,6,75252924
457,4,52020706,4,153466346
458,1,7771296,1,27773219
459,1,7771296,1,227728539
460,1,7771296,1,171700160
461,1,7771296,1,180972712
462,1,7771296,1,120150898
463,11,62806860,11,59713456
464,1,27773219,1,227728539
465,1,27773219,1,171700160
466,1,27773219,1,180972712
467,1,27773219,1,120150898
468,1,227728539,1,171700160
469,1,227728539,1,180972712
470,1,227728539,1,120150898
471,19,13144058,19,47487637
472,1,171700160,1,180972712
473,1,171700160,1,120150898
474,17,30477362,17,9250471
475,17,30477362,17,46923075
476,1,180972712,1,120150898
477,17,9250471,17,46923075
478,6,132445867,6,147204425
479,5,65517766,5,69189574
480,16,67828157,16,81006498
481,16,71845996,16,89644435
482,5,39371675,5,72956041
483,11,118998138,11,62575045
484,5,140638740,5,1801400
485,19,8308768,19,14566078
486,16,22297375,16,46407
487,20,11890723,20,18507520
488,1,36322031,1,150257251
489,3,186783205,3,48517684
490,3,186783205,3,184314495
491,3,48517684,3,184314495
492,1,162561506,1,173903804
493,12,100199122,12,69359710
494,7,27830573,7,101218165
495,7,102464956,7,104126341
496,1,206053173,1,108970214
497,2,105744912,2,74549026
498,17,48070052,17,16342534
499,2,25377198,2,73073382
500,3,128726183,3,19947097
501,19,708935,19,3094362
502,8,98064522,8,55879835
503,8,98064522,8,80967810
504,8,98064522,8,60516936
505,8,55879835,8,80967810
506,8,55879835,8,60516936
507,17,65009289,17,66302613
508,8,80967810,8,60516936
509,1,31906421,1,230314490
510,1,31906421,1,75786197
511,1,230314490,1,75786197
512,11,118998138,11,62575045
513,19,45071500,19,8832398
514,10,4963253,10,4987400
515,14,105764503,14,105620506
516,17,28328325,17,81918270
517,11,63911230,11,45929323
518,1,23019443,1,211258377
519,X,15235288,X,106802673
520,1,156061160,1,248810446
521,5,146447311,5,140647058
522,7,74453790,7,75092573
523,7,74453790,7,74796144
524,7,75092573,7,74796144
525,2,203328239,2,182909115
526,1,32741830,1,27404230
527,12,51061205,12,110719680
528,1,46040140,1,9651731
529,3,179148114,3,138652698
530,5,134148935,5,76403285
531,2,38561969,2,218217141
532,2,38561969,2,113890063
533,2,218217141,2,113890063
534,14,52707178,14,52775193
535,9,41131306,9,121038
536,20,34560542,20,45416084
537,1,70852353,1,204403381
538,2,10721100,2,46490750
539,5,181236897,5,74640023
540,3,142596393,3,58008400
541,6,93240020,6,33279108
542,19,55620741,19,34677639
543,19,55620741,19,55759014
544,19,34677639,19,55759014
545,17,19495385,17,44557484
546,1,109309568,1,201134772
568,2,44316281,2,55236595
569,2,161308425,2,231056864
570,3,184299198,3,64010549
571,17,39980807,17,63827152
572,17,39980807,17,67337916
573,17,39980807,17,32444379
574,11,73876699,11,47418769
575,11,73876699,11,236966
576,19,39971165,19,38374536
577,19,39971165,19,18588685
578,17,63827152,17,67337916
579,17,63827152,17,32444379
580,14,52707178,14,90256527
581,11,47418769,11,236966
582,1,193012250,1,151254703
583,17,67337916,17,32444379
584,12,123918660,12,121888732
585,19,38374536,19,18588685
586,9,74980790,9,17134982
587,17,64542282,17,54968727
588,17,64542282,17,17212212
589,17,54968727,17,17212212
590,12,102073103,12,68686951
591,11,3671083,11,47778087
592,11,65638101,11,8693351
593,11,65638101,11,65823022
594,11,65638101,11,57667747
595,11,65638101,11,67435510
596,15,52192322,15,90388242
597,15,52192322,15,60347134
598,15,52192322,15,59132434
599,17,29625938,17,81509971
600,17,29625938,17,50133737
601,17,29625938,17,36495633
602,12,43793723,12,56152256
603,12,43793723,12,108645109
604,12,43793723,12,100573683
605,2,181891730,2,191245185
606,2,181891730,2,28751640
607,2,181891730,2,54456317
608,5,150601080,5,17065598
609,5,150601080,5,34656328
610,2,191245185,2,28751640
611,2,191245185,2,54456317
612,14,90396502,14,68874143
613,14,90396502,14,64704102
614,14,90396502,14,104689606
615,4,173331376,4,185585444
616,4,173331376,4,10074339
617,3,123610049,3,114314501
618,3,123610049,3,9792495
619,14,68874143,14,64704102
620,14,68874143,14,104689606
621,2,28751640,2,54456317
622,19,38647649,19,751112
623,12,56152256,12,108645109
624,12,56152256,12,100573683
625,11,8693351,11,65823022
626,11,8693351,11,57667747
627,11,8693351,11,67435510
628,11,65823022,11,57667747
629,11,65823022,11,67435510
630,11,57667747,11,67435510
631,3,114314501,3,9792495
632,7,116210506,7,51016212
633,15,90388242,15,60347134
634,15,90388242,15,59132434
635,10,5524961,10,29457338
636,10,5524961,10,24583609
637,10,5524961,10,114431113
638,14,64704102,14,104689606
639,12,108645109,12,100573683
640,5,17065598,5,34656328
641,15,60347134,15,59132434
642,17,81509971,17,50133737
643,17,81509971,17,36495633
644,10,29457338,10,24583609
645,10,29457338,10,114431113
646,4,185585444,4,10074339
647,17,50133737,17,36495633
648,10,24583609,10,114431113
650,16,67873052,16,15594387
651,2,38561969,2,65227753
652,7,151085831,7,73328161
653,1,53214099,1,109213918
654,5,55307989,5,179614178
655,20,38472816,20,20389530
656,6,13357830,6,53051991
657,17,44849948,17,39461486
658,17,44849948,17,47649476
659,17,44849948,17,1650629
660,9,113275343,9,15464066
661,1,150321479,1,186311652
662,1,150321479,1,193121958
663,1,150321479,1,31259568
664,1,150321479,1,37956975
665,22,30331988,22,41673933
666,22,30331988,22,38483438
667,11,65961728,11,66050729
668,11,65961728,11,60890547
669,1,186311652,1,193121958
670,1,186311652,1,31259568
671,1,186311652,1,37956975
672,16,56429133,16,30350773
673,16,56429133,16,70523791
674,12,69239569,12,14784582
675,12,69239569,12,48829756
676,14,77717599,14,73058532
677,2,27381195,2,108719482
678,2,27381195,2,152651593
679,2,27381195,2,85602856
680,2,27381195,2,197388515
681,2,27381195,2,96274338
682,16,30350773,16,70523791
683,X,48890197,X,123600561
684,22,41673933,22,38483438
685,11,66050729,11,60890547
686,20,63981132,20,34088309
687,2,108719482,2,152651593
688,2,108719482,2,85602856
689,2,108719482,2,197388515
690,2,108719482,2,96274338
691,17,39461486,17,47649476
692,17,39461486,17,1650629
693,2,152651593,2,85602856
694,2,152651593,2,197388515
695,2,152651593,2,96274338
696,17,47649476,17,1650629
697,2,85602856,2,197388515
698,2,85602856,2,96274338
699,1,193121958,1,31259568
700,1,193121958,1,37956975
701,2,197388515,2,96274338
702,19,45687454,19,7619525
703,19,45687454,19,54115410
704,19,7619525,19,54115410
705,1,31259568,1,37956975
706,12,14784582,12,48829756
707,12,56360568,12,89519412
708,12,108522214,12,14784582
709,17,44849948,17,1650629
710,2,96274338,2,27381195
711,3,88051944,3,48440257
712,19,1573596,19,14119512
713,19,1573596,19,19385826
714,6,151364115,6,113933028
715,19,14119512,19,19385826
716,12,123250112,12,6570082
717,1,153789030,1,6101787
718,1,153789030,1,32651142
719,1,6101787,1,32651142
720,12,57819927,12,6844793
721,17,79792132,17,79833156
722,1,185045526,1,33323623
723,5,148383935,5,93617725
724,2,69829660,2,74834127
725,3,149517235,3,11556069
726,19,42721638,19,43211791
727,19,42721638,19,42866464
728,19,43211791,19,42866464
729,5,138610967,5,24487100
730,13,23891099,13,24307166
731,1,15409888,1,165662216
732,1,15409888,1,150600851
733,1,165662216,1,150600851
734,16,74871362,16,684622
735,17,7311324,17,16029157
736,2,24049701,2,190189735
737,15,39250684,15,77100656
738,1,152908546,1,153357854
739,9,73151865,9,128149071
740,X,47232866,X,103628704
741,1,241847967,1,228487382
742,20,63488014,20,10401009
743,2,100391860,2,153871922
744,7,40134977,7,26667068
745,1,52345723,1,5862811
746,17,42113111,17,37406886
747,1,93345907,1,77562416
748,3,9779860,3,183697797
749,3,9779860,3,20040446
750,3,183697797,3,20040446
751,3,50088919,3,101574180
752,12,57604622,12,132822187
753,9,6413151,9,33041765
755,17,39868164,17,7420324
756,17,20449395,17,27629798
758,3,9792495,3,114314501
759,11,65638101,11,65823022
760,15,52192322,15,32615144
761,17,50133737,17,18244815
762,17,50133737,17,29625938
763,17,18244815,17,29625938
764,12,108645109,12,43793723
765,14,34709113,14,64704102
766,12,110280756,12,56638175
767,10,14897359,10,73785582
768,17,82101460,17,8188345
769,1,44850522,1,41027200
770,4,52872982,4,4415742
772,20,3146519,20,3732685
773,1,234391313,1,231241207
774,16,69118010,16,788046
775,1,225982702,1,85249953
776,17,42287547,17,42199177
777,6,61679961,6,85607785
778,21,36135079,21,36069941
779,11,9778667,11,95832882
780,1,204218853,1,109292365
781,2,105357712,2,218568580
782,2,105357712,2,101252886
783,5,154857553,5,180494379
784,2,218568580,2,101252886
785,16,30064164,16,2211593
786,6,52977948,6,52791371
787,6,52977948,6,52896639
788,6,52791371,6,52896639
789,X,103576231,X,47232866
790,1,31906421,1,230314490
791,1,31906421,1,75786197
792,1,230314490,1,75786197
793,4,168497052,4,7058895
794,11,36483769,11,93329971
795,1,212565334,1,58780791
796,2,175072250,2,28392448
797,1,151176304,1,37492575
798,1,151176304,1,44213455
799,1,37492575,1,44213455
800,7,120950763,7,101218165
801,7,120950763,7,98877933
802,7,120950763,7,27830573
803,12,100199122,12,69359710
804,12,100199122,12,131949942
805,12,69359710,12,131949942
806,7,101218165,7,98877933
807,7,101218165,7,27830573
808,8,33473386,8,127735434
809,7,98877933,7,27830573
810,1,206684944,1,46557408
811,6,42744498,6,53497341
812,1,230314490,1,75786197
813,1,150218417,1,1635227
814,1,150218417,1,1702379
816,16,88570381,16,2752626
817,12,2812622,12,64186316
818,1,43389882,1,19682213
819,9,133338312,9,131852928
820,6,41905354,6,99542387
821,6,41905354,6,110609978
822,6,41905354,6,131573966
823,1,43383917,1,28329002
824,19,867630,19,39391303
825,19,867630,19,16574907
826,19,867630,19,49818279
827,5,6371874,5,157137424
828,11,57703714,11,93784227
829,17,6643311,17,17476994
830,17,6643311,17,39404285
831,17,6643311,17,40019097
832,17,6643311,17,4731428
833,17,6643311,17,61942605
834,X,40648305,X,71118556
835,13,48053323,13,26254104
836,6,99542387,6,110609978
837,6,99542387,6,131573966
838,19,39391303,19,16574907
839,19,39391303,19,49818279
840,17,17476994,17,39404285
841,17,17476994,17,40019097
842,17,17476994,17,4731428
843,17,17476994,17,61942605
844,19,16574907,19,49818279
845,17,39404285,17,40019097
846,17,39404285,17,4731428
847,17,39404285,17,61942605
848,17,40019097,17,4731428
849,17,40019097,17,61942605
850,6,110609978,6,131573966
851,17,4731428,17,61942605
852,12,27022546,12,115953872
853,15,34978341,15,75639085
854,2,9206765,2,105744912
855,2,9206765,2,74549026
856,2,105744912,2,74549026
857,16,67828157,16,81006498
858,12,6867119,12,6534512
859,14,23058564,14,23321289
860,14,23058564,14,39175183
861,14,23058564,14,88562970
862,17,58000919,17,40140318
863,14,23321289,14,39175183
864,14,23321289,14,88562970
865,14,39175183,14,88562970
866,7,23504780,7,140453033
867,6,89095959,6,36594353
868,6,89095959,6,136256627
869,6,36594353,6,136256627
870,1,155262868,1,36224432
871,12,120461672,12,122503454
872,13,41189834,13,41127569
874,1,160276812,1,20499448
875,17,79778148,17,42824385
876,16,30923055,16,57152466
877,10,87751512,10,27195214
878,12,122078756,12,27523431
879,14,58395928,14,92044496
880,7,3301252,7,121873089
881,7,34928876,7,43112629
882,7,34928876,7,99027438
883,7,43112629,7,99027438
884,17,64542282,17,17212212
885,17,64542282,17,54968727
886,17,17212212,17,54968727
887,17,16029157,17,7311324
888,5,10353695,5,134873803
889,19,45001449,19,32597006
890,20,45207033,20,45221373
891,20,45207033,20,62122461
892,20,45221373,20,62122461
893,10,5412557,10,13643706
894,1,241847967,1,228487382
895,16,69762306,16,78099430
896,19,48332356,19,10512742
898,14,105419820,14,21090077
899,18,25061924,18,54151606
900,3,160495007,3,49162535
901,19,1573596,19,19385826
902,12,6570082,12,123250112
903,12,6570082,12,62260338
904,12,123250112,12,62260338
905,2,60450520,2,42494569
906,9,136862119,9,34989641
907,1,166839447,1,108875350
908,16,27224994,16,3432414
909,19,17215346,19,1461143
910,4,52872982,4,4415742
911,X,151396515,X,40579372
912,3,108549864,3,10026414
913,2,86720291,2,30146941
914,11,576470,11,112074086
915,16,726936,16,29992330
916,16,726936,16,58157907
917,16,29992330,16,58157907
918,2,200305881,2,27625639
919,6,52791371,6,52977948
920,7,111726110,7,149126416
921,7,111726110,7,36854361
922,7,149126416,7,36854361
923,19,1086574,19,36113709
924,16,74621399,16,57758217
925,5,142592178,5,38258409
926,12,10604193,12,132710819
927,1,145917714,1,225982702
928,4,139301505,4,98261384
929,18,36187497,18,11851413
930,11,65116403,11,2400488
931,17,42824385,17,79778148
932,16,30923055,16,57152466
933,1,236664141,1,154155304
935,17,64542282,17,17212212
936,1,166856510,1,229593111
937,1,166856510,1,28589323
938,11,62771357,11,6606294
939,1,229593111,1,28589323
940,7,79768028,7,80458635
941,1,153357854,1,152908546
942,3,134065303,3,127629185
943,6,34889255,6,35297818
944,1,160276812,1,20499448
945,12,110468415,12,8032716
946,X,151396515,X,40579372
947,X,151396515,X,154428645
948,X,40579372,X,154428645
949,2,99161427,2,130337933
950,4,2059327,4,98470367
951,4,2059327,4,165207561
952,4,2059327,4,185204237
953,4,98470367,4,165207561
954,4,98470367,4,185204237
955,7,66921225,7,2234195
956,4,165207561,4,185204237
957,16,46884362,16,69706996
958,4,1211448,4,17841199
959,X,141111605,X,135050932
960,X,141111605,X,135020513
961,X,135050932,X,135020513
962,22,41459717,22,30331988
963,1,149923317,1,110338506
964,1,149923317,1,37956975
965,1,110338506,1,37956975
966,17,10492307,17,17042545
967,2,25733753,2,148021011
968,21,36135079,21,36069941
969,13,111114559,13,29509414
970,3,108549864,3,10026414
971,3,33114014,3,189956728
972,20,36889773,20,36777447
973,19,8509678,19,4969113
974,12,6375045,12,49366584
975,14,99737693,14,75079353
976,5,81413021,5,51383448
977,3,129087569,3,46921726
978,1,39692182,1,85249953
979,17,43483865,17,34961540
981,5,154857553,5,180494379
982,2,218568580,2,101252886
983,2,218568580,2,105357712
984,2,101252886,2,105357712
986,14,93202894,14,20446401
987,X,154428645,X,40579372
988,19,48332356,19,10512742
989,10,5412557,10,13643706
990,1,241847967,1,228487382
991,7,100679507,7,102285091
992,12,121308245,12,110372900
993,1,89633072,1,161623196
994,2,86143932,2,176269395
995,1,155262868,1,53226900
996,7,34928876,7,77798792
997,1,145911350,1,113696831
998,1,145911350,1,55066359
999,1,113696831,1,55066359
1000,10,100232298,10,123008979
1001,11,67662160,11,68008578
1002,16,8674596,16,46884362
1003,7,26667068,7,40134977
1004,2,10721100,2,46490750
1005,3,30726200,3,93980139
1006,6,73515750,6,33200445
1007,19,45071500,19,8832398
1008,X,109624244,X,24054946
1009,20,44966479,20,4780023
1010,8,144827464,8,143289676
1011,17,10628526,17,10443290
1012,17,10628526,17,40977716
1013,17,10443290,17,40977716
1014,2,172427354,2,186590056
1015,7,73328161,7,151085831
1016,1,85249953,1,225982702
1017,1,2391775,1,54849627
1018,17,76376584,17,82035136
1019,11,57648992,11,83156988
1020,4,128864921,4,99878336
1021,1,86346824,1,231626815
1022,19,19176903,19,18557762
1023,17,58982638,17,82101460
1024,17,58982638,17,8188345
1025,17,82101460,17,8188345
1026,2,65227753,2,38561969
1027,2,65227753,2,218217141
1028,2,38561969,2,218217141
1029,2,200870907,2,208236227
1030,2,105744912,2,74549026
1031,X,151396515,X,40579372
1032,3,185506262,3,112086335
1033,6,149400262,6,16238587
1034,5,100535374,5,176388751
1035,1,160276812,1,20499448
1036,9,15422704,9,136375577
1037,19,15419978,19,301444
1038,6,4706159,6,31879759
1039,9,137174784,9,113255835
1040,4,25377213,4,144831908
1041,4,25377213,4,185159665
1042,8,56436674,8,22544986
1043,12,110372900,12,121308245
1044,12,110372900,12,101745499
1045,12,121308245,12,101745499
1046,1,43358981,1,211658657
1047,4,144831908,4,185159665
1048,15,42723544,15,36579626
1049,12,10604193,12,132710819
1050,1,225982702,1,53226900
1051,1,225982702,1,145917714
1052,1,53226900,1,145917714
1053,10,110567691,10,86435256
1054,X,123960212,X,53374149
1055,19,708935,19,3094362
1056,8,55879835,8,80967810
1057,16,88809339,16,2211593
1058,2,57907629,2,27130756
1059,X,129906121,X,154762742
1060,6,88609897,6,33391823
1061,19,46838136,19,49766968
1062,14,103733195,14,51489100
1063,6,33391823,6,17615035
1064,6,33391823,6,88609897
1065,6,17615035,6,88609897
1066,1,145917714,1,225982702
1067,13,41457550,13,110641412
1068,17,29390464,17,799310
1069,5,115804733,5,132257696
1070,3,58306247,3,113002444
1071,10,90871716,10,15097180
1072,3,50226292,3,179396088
1073,19,12730640,19,1259384
1074,17,42950526,17,49788681
1075,4,17841199,4,1211448
1076,3,186783205,3,48517684
1077,5,176060689,5,177707981
1078,16,3500976,16,83807978
1079,14,23321289,14,88562970
1080,18,79679801,18,35984387
1081,14,103733195,14,51489100
1082,6,132445867,6,147204425
1083,2,161308425,2,21001429
1084,2,127843553,2,27628247
1085,17,7484366,17,75626845
1086,2,97083583,2,95402708
1087,2,97083583,2,74135400
1088,2,95402708,2,74135400
1089,X,44873177,X,104166453
1090,17,1464186,17,29071124
1091,7,32485338,7,118184144
1092,14,78170373,14,77335029
1093,16,46884362,16,58707131
1094,19,12791486,19,18279694
1095,11,65890673,11,67398183
1096,7,44606572,7,107891162
1097,2,42767089,2,208236227
1098,2,42767089,2,200870907
1099,2,208236227,2,200870907
1100,18,158383,18,26133852
1101,2,161308425,2,231056864
1102,3,184299198,3,64010549
1103,17,39980807,17,63827152
1104,17,39980807,17,67337916
1105,17,39980807,17,32444379
1106,11,73876699,11,47418769
1107,11,73876699,11,236966
1108,19,39971165,19,38374536
1109,19,39971165,19,18588685
1110,17,63827152,17,67337916
1111,17,63827152,17,32444379
1112,14,52707178,14,90256527
1113,11,47418769,11,236966
1114,1,193012250,1,151254703
1115,17,67337916,17,32444379
1116,12,121888732,12,123918660
1117,19,38374536,19,18588685
1118,6,52791371,6,52896639
1119,19,42721638,19,42866464
1120,19,42721638,19,43166256
1121,19,42866464,19,43166256
1122,22,18150170,22,20350578
1123,1,62454298,1,15409888
1124,10,90871716,10,15097180
1125,19,647526,19,12737139
1126,15,43510958,15,42359498
1127,6,34889255,6,35297818
1128,16,30923055,16,57152466
1129,19,19900913,19,39834458
1130,7,41667168,7,20330702
1131,12,118136124,12,6913745
1132,16,28097979,16,70687439
1133,16,28097979,16,70480568
1134,16,70687439,16,70480568
1135,11,124747474,11,113733187
1136,21,36135079,21,43772511
1137,21,36135079,21,36069941
1138,21,43772511,21,36069941
1139,1,88935773,1,43451003
1140,5,17065598,5,177456608
1141,15,59132434,15,52307283
1142,17,1464186,17,20009344
1143,4,7758714,4,185585444
1144,7,5527148,7,51016212
1145,1,23084023,1,77888513
1146,10,114431113,10,5524961
1147,9,109498325,9,137191617
1148,12,50175788,12,79773563
1149,5,148383935,5,93617725
1150,17,20449395,17,27629798
1151,2,153871922,2,100391860
1152,2,130191745,2,99318982
1153,2,130191745,2,100562993
1154,2,130191745,2,73233420
1155,2,130191745,2,218781749
1156,2,130191745,2,61868085
1157,3,180983709,3,69054730
1158,2,99318982,2,100562993
1159,2,99318982,2,73233420
1160,2,99318982,2,218781749
1161,2,99318982,2,61868085
1162,2,100562993,2,73233420
1163,2,100562993,2,218781749
1164,2,100562993,2,61868085
1165,8,144137774,8,53966552
1166,2,73233420,2,218781749
1167,2,73233420,2,61868085
1168,2,218781749,2,61868085
1169,7,55793540,7,36389821
1170,5,132257696,5,178208471
1171,11,36483769,11,93329971
1172,17,40140318,17,80134369
1173,1,53226900,1,145917714
1174,10,89392546,10,89327997
1175,11,102770502,11,102835801
1176,6,99542387,6,41905354
1177,6,99542387,6,131573966
1178,6,99542387,6,110609978
1179,17,40019097,17,17476994
1180,17,40019097,17,39404285
1181,17,40019097,17,61942605
1182,17,17476994,17,39404285
1183,17,17476994,17,61942605
1184,6,41905354,6,131573966
1185,6,41905354,6,110609978
1186,17,39404285,17,61942605
1187,19,49818279,19,867630
1188,6,131573966,6,110609978
1189,11,94962620,11,107326345
1190,12,2812622,12,64186316
1191,1,202878282,1,24745382
1192,17,5440917,17,48997385
1193,1,244840638,1,185118101
1194,17,43875357,17,43800799
1196,1,153390032,1,152908546
1197,8,123041968,8,67062426
1198,16,30761745,16,67199111
1200,3,9779860,3,20040446
1201,19,49976468,19,55600022
1202,11,65122183,11,1947278
1203,11,65122183,11,73787872
1204,11,65122183,11,66435075
1205,11,1947278,11,73787872
1206,11,1947278,11,66435075
1207,17,50367857,17,38297023
1208,11,73787872,11,66435075
1209,1,156737303,1,228106679
1210,7,151057210,7,100826820
1211,X,10445310,X,2828822
1212,2,32946953,2,140231423
1213,6,32578769,6,75252924
1214,3,120908072,3,94014365
1215,16,1984193,16,5084284
1216,5,128083766,5,1050384
1217,2,74361154,2,97655939
1218,17,799310,17,41688885
1219,17,42536241,17,80206716
1220,19,12646511,19,42325609
1221,20,36777447,20,36889773
1222,6,31115087,6,131470832
1223,19,35523367,19,39196964
1225,1,152302165,1,150508062
1226,1,152348735,1,150508062
1227,3,105366909,3,194402672
1228,3,105366909,3,108043091
1229,X,55717739,X,135973841
1230,3,194402672,3,108043091
1231,6,46129989,6,108041409
1232,6,46129989,6,112107931
1233,6,46129989,6,127968779
1234,7,138831381,7,131500262
1235,1,236518000,1,116514534
1236,1,236518000,1,35433492
1237,12,45215987,12,9067664
1238,12,45215987,12,55725323
1239,12,9067664,12,55725323
1240,6,108041409,6,112107931
1241,6,108041409,6,127968779
1242,6,112107931,6,127968779
1243,1,116514534,1,35433492
1244,19,38211006,19,47608196
1245,4,1211448,4,17841199
1246,12,110468415,12,8032716
1247,11,116748170,11,108665069
1248,2,174559572,2,74549026
1249,2,174559572,2,105744912
1250,2,174559572,2,9206765
1251,3,136862208,3,195863364
1252,17,40219304,17,75500261
1253,2,74549026,2,105744912
1254,2,74549026,2,9206765
1255,7,29806486,7,123681943
1256,2,105744912,2,9206765
1257,17,38181659,17,36428618
1258,2,74455087,2,205993721
1259,19,1905372,19,1491166
1260,1,230314490,1,75786197
1261,1,228006998,1,212285410
1262,12,57604622,12,132822187
1263,1,53214099,1,109213918
1264,7,3301252,7,121873089
1265,20,33235995,20,33273480
1266,19,49446298,19,29923644
1267,1,10456522,1,3857267
1268,19,43211791,19,42721638
1269,10,102869470,10,5765223
1270,2,130191745,2,218781749
1271,2,130191745,2,73233420
1272,2,218781749,2,73233420
1273,12,6924463,12,121804180
1274,12,10604193,12,132710819
1275,1,145917714,1,225982702
1276,19,5586999,19,5623035
1277,19,5586999,19,10654261
1278,1,89995110,1,32013868
1279,1,89995110,1,154582057
1280,1,32013868,1,154582057
1281,19,5623035,19,10654261
1282,16,30064164,16,2211593
1283,11,77878720,11,62646848
1284,11,124633113,11,11270877
1285,11,124633113,11,66563464
1286,11,124633113,11,60924463
1287,5,78777209,5,109689366
1288,5,78777209,5,95555101
1289,3,50362799,3,119468963
1290,3,50362799,3,50317790
1291,3,119468963,3,50317790
1292,5,109689366,5,95555101
1293,11,11270877,11,66563464
1294,11,11270877,11,60924463
1295,11,66563464,11,60924463
1296,12,6375045,12,49366584
1297,17,44076746,17,64506865
1298,9,128455186,9,120902393
1299,1,6624866,1,2228319
1300,5,141260225,5,69350984
1301,3,195863364,3,136862208
1302,1,37996770,1,215567304
1303,2,25733753,2,148021011
1304,12,104986316,12,100028455
1305,10,69123512,10,45727200
1306,5,146113034,5,168486451
1307,20,472498,20,25070885
1308,1,39692182,1,85249953
1309,1,39692182,1,114567557
1311,3,129127415,3,46921726
1312,20,38962299,20,20034368
1313,19,7619525,19,3610645
1314,19,7619525,19,33080899
1315,19,7619525,19,12666802
1316,19,3610645,19,33080899
1317,19,3610645,19,12666802
1318,3,129087569,3,46921726
1319,19,33080899,19,12666802
1320,17,43483865,17,34961540
1321,1,85249953,1,114567557
1322,1,88935773,1,43451003
1323,11,1223066,11,1157953
1324,14,58298504,14,35826338
1325,4,98871684,4,26857601
1326,16,66614750,16,8780384
1327,20,45841721,20,25612935
1328,15,72654738,15,73994673
1329,7,5592816,7,44796680
1330,17,82101460,17,8188345
1331,7,111726110,7,149126416
1332,7,111726110,7,36854361
1333,7,149126416,7,36854361
1335,6,33391823,6,88609897
1336,21,46098112,21,45981769
1337,8,47773111,8,31033788
1338,19,12730640,19,1259384
1339,17,63872012,17,63894909
1340,3,15206152,3,87227271
1341,12,110468415,12,8032716
1342,1,9234775,1,11664200
1343,19,9604680,19,9641807
1344,21,43772511,21,36135079
1345,21,43772511,21,36069941
1346,21,36135079,21,36069941
1347,19,58034025,19,58561931
1348,16,13920154,16,3581181
1349,2,197388515,2,24067586
1350,1,94418389,1,165724293
1351,17,58520250,17,73283624
1352,17,58520250,17,77280569
1353,7,35800932,7,36389821
1354,2,241315100,2,109542799
1355,16,30378133,16,4777669
1356,17,73283624,17,77280569
1357,2,223751686,2,64524305
1358,13,41189834,13,41127569
1359,7,30594838,7,97851677
1360,1,23795599,1,40040233
1361,9,130172404,9,96235306
1362,3,133598175,3,150546678
1363,10,14838306,10,100232298
1364,19,4007736,19,33795933
1365,X,63347228,X,57118551
1366,11,132414977,11,131370478
1367,1,181033425,1,158327951
1368,1,225810092,1,153774354
1369,7,66995173,7,92112153
1370,7,66995173,7,102637025
1371,17,42188799,17,56834107
1372,17,42188799,17,3923870
1373,2,85341955,2,27130756
1374,2,85341955,2,57907629
1375,17,56834107,17,3923870
1376,7,92112153,7,102637025
1377,2,27130756,2,57907629
1378,5,148383935,5,93617725
1379,11,111782195,11,134331874
1380,3,53156009,3,53224712
1381,1,9234775,1,11664200
1382,X,109624244,X,24054946
1383,10,69123512,10,45727200
1384,19,35523367,19,39196964
1385,6,52977948,6,52750087
1386,14,90396502,14,68874143
1387,7,74231499,7,100428790
1388,17,20449395,17,27629798
1389,19,16111889,19,50511600
1390,7,44876299,7,149431363
1391,2,101271219,2,201233443
1392,6,30876421,6,137197484
1393,19,55452985,19,18058995
1394,1,25884181,1,22025511
1395,14,73275107,14,95181940
1396,1,88935773,1,43451003
1397,2,25377198,2,73073382
1401,1,13700198,1,244048939
1402,4,1211448,4,17841199
1403,X,12791355,X,107628424
1404,19,49446298,19,29923644
1405,20,23685640,20,23823769
1406,20,23685640,20,23747553
1407,20,23823769,20,23747553
1408,17,58520250,17,73283624
1409,17,58520250,17,77280569
1410,7,35800932,7,55793540
1411,7,35800932,7,36389821
1412,2,241315100,2,109542799
1413,16,30378133,16,4777669
1414,22,19714503,22,41969475
1415,7,55793540,7,36389821
1416,17,73283624,17,77280569
1417,19,49528003,19,12938578
1418,5,148383935,5,93617725
1419,16,85676198,16,58295080
1420,5,119629559,5,149492982
1421,2,36968383,2,223751686
1422,2,36968383,2,64524305
1423,2,223751686,2,64524305
1424,Y,20756108,Y,2841602
1426,3,132417502,3,33150043
1428,1,161606291,1,26281328
1429,11,94962620,11,107326345
1430,15,51938025,15,78277835
1431,22,46684410,22,46762617
1432,2,86020216,2,112541915
1433,6,31777518,6,73515750
1434,1,36084094,1,54542257
1435,19,14433053,19,43646095
1436,1,21596215,1,109548615
1437,21,33485530,21,33903453
1438,10,4963253,10,5035354
1439,10,4963253,10,5195462
1440,10,5035354,10,5195462
1442,7,44606572,7,107891162
1443,12,110280756,12,56638175
1444,2,178525989,2,241675747
1445,19,36003307,19,45333434
1446,14,90396502,14,68874143
1447,14,24094053,14,20256558
1448,1,25222276,1,39692182
1449,1,25222276,1,114567557
1450,3,129127415,3,46921726
1451,11,94962620,11,107326345
1452,19,33080899,19,7619525
1453,19,33080899,19,16185380
1454,19,7619525,19,16185380
1455,1,39692182,1,114567557
1456,10,69630247,10,69451465
1457,2,177548998,2,238320441
1458,X,49187804,X,13770939
1459,2,26847747,2,17539126
1460,5,147390808,5,150219491
1461,2,174559572,2,203394345
1462,2,174559572,2,105744912
1463,3,136862208,3,195863364
1464,2,203394345,2,105744912
1465,12,98593591,12,56638175
1466,17,49404049,17,7217125
1467,17,49404049,17,75038863
1468,17,7217125,17,75038863
1469,4,672436,4,185143266
1470,1,202878282,1,24745382
1471,17,58982638,17,82101460
1472,17,58982638,17,8188345
1473,17,82101460,17,8188345
1474,6,29941260,6,31268749
1475,5,112891610,5,40512333
1476,17,82101460,17,8188345
1477,1,160276812,1,20589086
1478,1,160276812,1,20499448
1480,12,110468415,12,8032716
1481,17,18840085,17,41976435
1482,17,10443290,17,40977716
1483,4,1211448,4,17841199
1484,17,20449395,17,27629798
1485,1,21596215,1,109548615
1486,7,101815904,7,26173057
1487,5,55307989,5,137745651
1488,5,55307989,5,179614178
1489,5,137745651,5,179614178
1490,3,108160812,3,160256986
1491,16,3500976,16,28904421
1492,16,3500976,16,83807978
1493,2,238320441,2,177548998
1494,2,238320441,2,62673851
1495,2,238320441,2,27444377
1496,16,28904421,16,83807978
1497,2,177548998,2,62673851
1498,2,177548998,2,27444377
1499,2,62673851,2,27444377
1500,3,186783205,3,184314495
1501,12,12715058,12,55966781
1502,6,36676460,6,41934933
1503,15,34225013,15,34084017
1504,X,107713221,X,54192823
1505,2,27427790,2,112482156
1506,7,7156934,7,143620952
1507,7,149195546,7,77193369
1508,1,155749662,1,66924895
1509,6,25726777,6,97142161
1510,16,1612337,16,46796603
1511,2,46490750,2,70935900
1512,2,105744912,2,74549026
1513,17,42124976,17,1646145
1514,11,9778667,11,95832882
1515,2,61888724,2,117915478
1516,5,69167135,5,36151989
1517,X,151912509,X,149581653
1518,X,151912509,X,35798342
1519,X,149581653,X,35798342
1520,5,142592178,5,38258409
1522,9,133205277,9,135546139
1523,1,206684944,1,156463727
1524,17,7251416,17,28950513
1525,2,9488486,2,219538948
1526,7,132123332,7,153887097
1528,1,173714941,1,161623196
1529,8,20197381,8,53715543
1530,3,9837849,3,185643739
1531,7,75027122,7,99416739
1532,1,21822244,1,31576485
1533,8,94371960,8,144104461
1534,3,47562238,3,38453890
1535,10,116671192,10,110871795
1536,16,88809339,16,2211593
1537,X,101393273,X,6667865
1538,16,89644435,16,71845996
1539,6,33200445,6,73515750
1540,19,2321520,19,12945855
1541,6,110180141,6,44387706
1542,1,25222276,1,39692182
1543,1,25222276,1,114567557
1545,3,129127415,3,46921726
1546,3,129087569,3,46921726
1547,11,94962620,11,60890547
1548,1,39692182,1,114567557
1549,5,79976731,5,196868
1550,20,38962299,20,20034368
1551,19,7619525,19,3610645
1552,19,7619525,19,33080899
1553,19,3610645,19,33080899
1554,3,129087569,3,46921726
1555,17,43483865,17,34961540
1556,20,2461634,20,63981132
1557,1,145241630,1,159918107
1558,1,230314490,1,75786197
1559,1,1921951,1,155247205
1561,10,89392546,10,89327997
1562,14,23321289,14,88562970
1564,X,141111605,X,135032355
1565,X,141111605,X,135020513
1566,X,135032355,X,135020513
1567,16,4340251,16,66802875
1568,5,95555101,5,78777209
1569,2,105744912,2,74549026
1570,1,21596215,1,109548615
1571,1,21596215,1,109603254
1573,1,246566444,1,27830782
1574,11,67398183,11,28020619
1576,3,129127415,3,46921726
1577,19,2236824,19,7619525
1578,20,38962299,20,20034368
1579,1,114567557,1,39692182
1580,1,114567557,1,25222276
1581,3,129087569,3,46921726
1582,1,39692182,1,25222276
1583,7,5527148,7,116811070
1584,19,16067021,19,751112
1585,12,50175788,12,79773563
1586,12,50175788,12,56158161
1587,12,79773563,12,56158161
1588,17,29071124,17,81509971
1589,17,29071124,17,1464186
1590,17,81509971,17,1464186
1591,22,36281277,22,24270817
1592,17,16029157,17,7311324
1593,17,10492307,17,40977716
1594,17,58083419,17,62458658
1595,2,202634969,2,170990823
1596,1,88935773,1,43451003
1597,17,51165435,17,51165435
1598,17,51165435,17,4948092
1599,17,51165435,17,4948092
1600,7,44606572,7,128830377
1601,17,82101460,17,8188345
1602,X,18892298,X,72578814
1603,16,47461123,16,30748293
1604,19,14433053,19,43646095
1605,2,153871922,2,100391860
1606,12,48829756,12,14784582
1607,1,150321479,1,31259568
1608,2,85602856,2,96274338
1609,3,38453890,3,30606601
1610,2,231781671,2,237085882
1611,7,3301252,7,121873089
1612,1,27354067,1,154983338
1613,8,17922840,8,67062426
1615,5,79976731,5,196868
1616,2,86143932,2,176269395
1617,7,99416739,7,75027122
1618,16,56932142,16,527712
1619,11,65890673,11,67398183
1620,19,45379638,19,45091396
1621,3,39141855,3,16802651
1622,X,44523639,X,155025980
1623,4,165207561,4,98470367
1624,1,220094132,1,173824653
1625,19,35612735,19,17049729
1626,3,126988594,3,50362799
1627,3,126988594,3,98795941
1628,3,50362799,3,98795941
1629,12,13044381,12,124776856
1630,2,153871922,2,100391860
1631,17,30477362,17,46923075
1632,1,27773219,1,180972712
1633,2,209424058,2,68178857
1634,5,115578650,5,177592203
1635,12,51061205,12,110719680
1636,4,109433772,4,82818509
1637,4,109433772,4,118722823
1638,4,82818509,4,118722823
1639,16,58295080,16,85676198
1640,2,203328239,2,182909115
1641,1,27404230,1,32741830
1642,1,11106535,1,230642481
1643,16,23388493,16,69320140
1644,16,23388493,16,70480568
1645,16,69320140,16,70480568
1646,13,45464898,13,39655627
1647,15,101281510,15,24823637
1648,12,122019422,12,56162359
1649,12,122019422,12,50085200
1650,12,122019422,12,45729706
1651,19,10960825,19,38211006
1652,19,10960825,19,47608196
1653,3,47585269,3,179562886
1654,3,47585269,3,52545352
1655,3,47585269,3,177019340
1656,12,56162359,12,50085200
1657,12,56162359,12,45729706
1658,12,50085200,12,45729706
1659,17,63832081,17,40624962
1660,7,151238764,7,100643097
1661,7,151238764,7,73536356
1662,7,100643097,7,73536356
1663,3,179562886,3,52545352
1664,3,179562886,3,177019340
1665,6,156776020,6,169703902
1666,6,156776020,6,42746958
1667,16,50313487,16,30833626
1668,19,38211006,19,47608196
1669,6,169703902,6,42746958
1670,3,52545352,3,177019340
1671,11,47565336,11,68030617
1672,1,25222276,1,114567557
1673,1,25222276,1,232950605
1674,11,94962620,11,107326345
1675,1,114567557,1,232950605
1676,5,150690792,5,160401641
1677,7,138831381,7,131500262
1679,19,16111889,19,50511600
1680,4,1211448,4,17841199
1681,6,13357830,6,53051991
1682,5,55307989,5,179614178
1683,7,44876299,7,149431363
1684,X,30230436,X,153179284
1685,X,30230436,X,26192440
1686,X,153179284,X,26192440
1687,19,48720585,19,45710629
1688,8,144827464,8,143289676
1689,2,203328239,2,182909115
1690,19,43543040,19,49859882
1691,17,44849948,17,1650629
1692,19,2236824,19,41310172
1693,19,2236824,19,54115410
1694,1,150321479,1,149923317
1695,1,150321479,1,31259568
1696,1,150321479,1,37956975
1697,22,30331988,22,26491225
1698,22,30331988,22,41459717
1699,19,41310172,19,54115410
1700,22,26491225,22,41459717
1701,2,24067586,2,85602856
1702,2,24067586,2,96274338
1703,1,149923317,1,31259568
1704,1,149923317,1,37956975
1705,2,85602856,2,96274338
1706,16,70523791,16,30350773
1707,1,31259568,1,37956975
1708,17,40140318,17,80134369
1709,14,23321289,14,88562970
1710,16,30199228,16,28605196
1711,16,30199228,16,28591943
1712,16,28605196,16,28591943
1713,10,96832282,10,96832282
1714,10,96832282,10,31318495
1715,10,96832282,10,124984317
1716,4,1211448,4,17841199
1717,10,96832282,10,31318495
1718,10,96832282,10,124984317
1719,1,244048939,1,13700198
1720,10,31318495,10,124984317
1721,16,726936,16,58157907
1722,2,237966827,2,70209444
1724,17,40140318,17,80134369
1725,17,39953263,17,8072636
1726,1,153614255,1,152759561
1727,1,153614255,1,153606886
1728,1,152759561,1,153606886
1729,4,6575189,4,75913660
1731,6,136822564,6,42890265
1732,19,45379638,19,45091396
1733,1,86346824,1,231626815
1734,17,82101460,17,8188345
1735,5,115841592,5,78000525
1736,14,99737693,14,75079353
1737,1,23019443,1,211258377
1738,2,197515571,2,101696850
1739,2,197515571,2,36837698
1740,2,101696850,2,36837698
1741,7,129434432,7,117710651
1742,1,114769479,1,110031577
1743,1,114769479,1,112396214
1744,18,57544389,18,9546791
1745,1,110031577,1,112396214
1746,3,57755450,3,186546067
1747,1,37534449,1,165724293
1748,8,144095039,8,96225920
1749,1,88979456,1,24631716
1750,1,88979456,1,15836095
1751,1,88979456,1,70205682
1752,1,88979456,1,29147743
1753,1,88979456,1,23964347
1754,1,88979456,1,36224432
1755,2,169584344,2,47695530
1756,2,169584344,2,38743599
1757,2,169584344,2,179944876
1758,3,180602163,3,185914558
1759,16,188969,16,2752626
1760,16,188969,16,88570381
1761,16,188969,16,2253116
1762,5,134758771,5,66139971
1763,5,134758771,5,126776623
1764,5,134758771,5,139273752
1765,1,24631716,1,15836095
1766,1,24631716,1,70205682
1767,1,24631716,1,29147743
1769,1,24631716,1,36224432
1770,6,136256627,6,4021267
1771,6,136256627,6,36594353
1772,12,42238447,12,120461672
1773,19,49085419,19,55654146
1774,5,66139971,5,126776623
1775,5,66139971,5,139273752
1776,14,39175183,14,69726900
1777,14,39175183,14,23058564
1778,20,43457893,20,35701347
1779,14,69726900,14,23058564
1780,5,126776623,5,139273752
1781,1,15836095,1,70205682
1782,1,15836095,1,29147743
1783,1,15836095,1,23964347
1784,1,15836095,1,36224432
1785,7,23504780,7,139340359
1786,16,2752626,16,88570381
1787,16,2752626,16,2253116
1788,16,88570381,16,2253116
1789,2,47695530,2,38743599
1790,2,47695530,2,179944876
1791,2,38743599,2,179944876
1792,17,58000919,17,76734115
1793,17,58000919,17,50719565
1794,17,76734115,17,50719565
1795,6,4021267,6,36594353
1796,1,70205682,1,29147743
1797,1,70205682,1,23964347
1798,1,70205682,1,36224432
1799,1,29147743,1,23964347
1800,1,29147743,1,36224432
1801,1,23964347,1,36224432
1802,6,30908207,6,158168350
1803,22,21207973,22,24594811
1805,12,108522214,12,14784582
1806,2,105744912,2,74549026
1807,19,1086574,19,45406209
1808,2,86020216,2,112541915
1809,5,142592178,5,38258409
1810,17,47831634,17,45108959
1811,14,60709539,14,105300563
1812,12,45729706,12,50085200
1813,19,38211006,19,47608196
1814,6,169703902,6,42746958
1815,3,47585269,3,177019340
1816,2,200870907,2,232697299
1817,2,25733753,2,148021011
1818,16,30923055,16,57152466
1819,11,77878720,11,62646848
1820,4,98871684,4,26857601
1821,19,40750637,19,2321520
1822,10,103396626,10,101781325
1823,9,100302077,9,34610486
1824,5,95461755,5,171387116
1825,17,4669774,17,78787381
1826,19,40592883,19,55999726
1827,X,49187804,X,47571901
1828,X,49187804,X,13770939
1829,X,49187804,X,153861514
1830,X,49187804,X,111293779
1831,3,12004388,3,128726183
1832,3,12004388,3,133824235
1833,3,12004388,3,49857988
1834,12,78863993,12,40692439
1835,12,78863993,12,32679200
1836,13,35768652,13,44939249
1837,X,47571901,X,13770939
1838,X,47571901,X,153861514
1839,X,47571901,X,111293779
1840,9,127579370,9,121178133
1841,2,148875227,2,26847747
1842,2,148875227,2,73926826
1843,2,148875227,2,26034084
1844,2,148875227,2,190880821
1845,2,148875227,2,26970637
1846,2,148875227,2,68178857
1847,2,148875227,2,17539126
1848,2,148875227,2,209424058
1849,1,32885994,1,154272589
1850,1,32885994,1,39678648
1851,1,154272589,1,39678648
1852,X,13770939,X,153861514
1853,X,13770939,X,111293779
1854,19,35550031,19,18196784
1855,3,128726183,3,133824235
1856,3,128726183,3,49857988
1857,5,176620082,5,150219491
1858,5,176620082,5,147390808
1859,5,176620082,5,83940554
1860,4,175632934,4,89700345
1861,4,175632934,4,5748084
1862,4,175632934,4,112818032
1863,4,175632934,4,157204182
1864,2,26847747,2,73926826
1865,2,26847747,2,26034084
1866,2,26847747,2,190880821
1868,2,26847747,2,68178857
1869,2,26847747,2,17539126
1870,2,26847747,2,209424058
1871,2,73926826,2,26034084
1872,2,73926826,2,190880821
1873,2,73926826,2,26970637
1874,2,73926826,2,68178857
1875,2,73926826,2,17539126
1876,2,73926826,2,209424058
1877,20,36091504,20,23374519
1878,20,36091504,20,10218830
1879,4,89700345,4,5748084
1880,4,89700345,4,112818032
1881,4,89700345,4,157204182
1882,2,26034084,2,190880821
1883,2,26034084,2,26970637
1884,2,26034084,2,68178857
1885,2,26034084,2,17539126
1886,2,26034084,2,209424058
1887,16,58462846,16,56191489
1888,16,58462846,16,71358713
1889,16,58462846,16,30989256
1890,16,58462846,16,82626965
1891,2,190880821,2,26970637
1892,2,190880821,2,68178857
1893,2,190880821,2,17539126
1894,2,190880821,2,209424058
1895,6,83552880,6,27807444
1896,4,5748084,4,112818032
1897,4,5748084,4,157204182
1898,X,153861514,X,111293779
1899,5,150219491,5,147390808
1900,5,150219491,5,83940554
1901,7,44217150,7,73699206
1902,7,44217150,7,38383704
1903,4,112818032,4,157204182
1904,12,40692439,12,32679200
1905,8,26514031,8,101686542
1906,7,73699206,7,38383704
1907,20,23374519,20,10218830
1908,11,131370478,11,112961247
1909,16,56191489,16,71358713
1910,16,56191489,16,30989256
1911,16,56191489,16,82626965
1912,16,71358713,16,30989256
1913,16,71358713,16,82626965
1914,3,133824235,3,49857988
1915,2,26970637,2,68178857
1916,2,26970637,2,17539126
1917,2,26970637,2,209424058
1918,2,68178857,2,17539126
1919,2,68178857,2,209424058
1920,16,30989256,16,82626965
1921,17,8159149,17,45894382
1922,2,17539126,2,209424058
1923,5,147390808,5,83940554
1924,12,120725774,12,120282303
1925,7,94907202,7,98106862
1926,5,122311354,5,65926475
1927,14,20446401,14,93202894
1928,19,19900913,19,39834458
1929,16,3581181,16,13920154
1930,2,86020216,2,112541915
1931,2,100562993,2,99318982
1932,1,23019443,1,211258377
1934,X,153179284,X,30230436
1935,X,153179284,X,26192440
1936,X,30230436,X,26192440
1937,1,167935783,1,179839967
1938,14,73711783,14,93182199
1939,17,18968789,17,1344275
1940,1,160276812,1,20499448
1941,3,136862208,3,195863364
1942,17,28855010,17,50183289
1943,1,200551497,1,111755245
1944,3,108549864,3,10026414
1945,10,102245532,10,91923770
1946,17,76081016,17,744421
1947,1,54225432,1,180230264
1948,1,54225432,1,87328880
1949,5,81413021,5,51383448
1950,1,180230264,1,87328880
1951,12,109573255,12,28133249
1952,22,29438583,22,32354885
1953,22,29438583,22,32190435
1954,22,32354885,22,32190435
1955,X,103499130,X,102937272
1956,12,4273762,12,57747727
1957,4,185159665,4,144831908
1958,1,2184461,1,43946950
1959,X,153947557,X,71533104
1960,3,133573730,3,49828601
1962,X,153179284,X,30230436
1963,X,153179284,X,30242000
1964,X,153179284,X,26192440
1966,X,30230436,X,26192440
1967,X,30242000,X,26192440
1968,17,43875357,17,43800799
1969,17,45160700,17,45148502
1970,5,132875395,5,95885098
1971,6,88609897,6,33391823
1972,3,181711925,3,137764315
1973,X,2219506,X,2486414
1974,6,143843338,6,28141883
1975,7,151232489,7,65960684
1976,22,36487190,22,50622754
1977,17,42536241,17,80206716
1978,17,43875357,17,43800799
1979,X,57118551,X,63347228
1980,9,88388430,9,32540544
1981,9,136862119,9,34989641
1982,14,93202894,14,20446401
1983,6,33064569,6,117453817
1984,9,137551879,9,128305159
1985,9,137551879,9,101387633
1986,2,206765357,2,75646783
1987,9,128305159,9,101387633
1988,7,75027122,7,99416739
1989,1,145917714,1,225982702
1990,1,220748225,1,160276812
1991,1,220748225,1,20499448
1992,14,69259277,14,67701886
1993,1,160276812,1,20499448
1994,11,6603708,11,12377563
1995,22,44172956,22,43999211
1996,19,29923644,19,49446298
1997,7,7156934,7,143620952
1998,1,246566444,1,27830782
1999,11,67398183,11,28020619
2000,12,51061205,12,110719680
2001,2,105744912,2,74549026
2002,2,53767804,2,232606057
2003,16,47461123,16,30748293
2004,X,72578814,X,18892298
2005,3,47495640,3,179323031
2006,6,90513573,6,149218641
2007,13,41189834,13,41127569
2008,17,20449395,17,27629798
2009,17,20449395,17,18476737
2010,17,27629798,17,18476737
2011,1,53226900,1,145917714
2012,16,70346861,16,70289663
2013,14,24136163,14,24143362
2014,6,3231403,6,32844136
2015,1,241847967,1,228487382
2016,19,37907208,19,12666802
2017,12,2812622,12,64186316
2018,12,54948015,12,26335352
2019,17,21284672,17,69414697
2020,19,18929201,19,40466241
2021,2,105744912,2,74549026
2022,15,36579626,15,42723544
2023,10,68341107,10,97332497
2024,16,29973868,16,58231157
2025,1,9922113,1,15617458
2026,7,149195546,7,77193369
2027,10,68721012,10,73007217
2028,9,107283137,9,83659968
2029,1,246566444,1,52142094
2030,1,246566444,1,27830782
2031,1,246566444,1,28369582
2032,10,110919547,10,68988721
2033,2,151409883,2,61145068
2034,2,151409883,2,28751640
2035,2,151409883,2,241149576
2036,2,61145068,2,28751640
2037,2,61145068,2,241149576
2038,3,16802651,3,195514428
2039,3,16802651,3,39141855
2040,11,67398183,11,28020619
2041,11,67398183,11,65890673
2042,20,59936663,20,3753508
2043,3,195514428,3,39141855
2044,11,28020619,11,65890673
2045,2,28751640,2,241149576
2046,12,110719680,12,51061205
2047,19,45091396,19,45379638
2048,8,19313693,8,9136255
2049,1,52142094,1,27830782
2050,1,52142094,1,28369582
2052,11,576470,11,112074086
2053,16,58157907,16,726936
2054,16,58157907,16,75293698
2055,16,726936,16,75293698
2056,20,472498,20,25070885
2057,12,6534512,12,6867119
2058,2,241149576,2,28751640
2059,19,42220312,19,42068477
2061,7,151057210,7,100826820
2062,6,33064569,6,117453817
2063,1,235547685,1,1785285
2064,1,235547685,1,109548615
2065,1,1785285,1,109548615
2066,16,853634,16,23557721
2067,1,183620846,1,15409888
2068,2,65227753,2,218217141
2069,7,99374249,7,152759749
2071,7,152759749,7,99325898
2072,10,103594027,10,58385345
2073,12,120533480,12,990509
2074,7,91940867,7,549197
2075,3,44737661,3,182938074
2076,19,42866464,19,43166256
2077,19,42866464,19,42902079
2078,19,43166256,19,42902079
2079,10,14897359,10,73785582
2080,1,201283452,1,153547329
2081,3,94047836,3,50317790
2082,12,6970913,12,12813316
2083,8,20197381,8,53715543
2084,6,3153666,6,30720352
2085,19,2236824,19,41310172
2086,19,2236824,19,45687454
2087,19,2236824,19,54115410
2088,1,150321479,1,149923317
2089,1,150321479,1,31259568
2090,1,150321479,1,37956975
2091,22,30331988,22,41459717
2092,19,41310172,19,45687454
2093,19,41310172,19,54115410
2094,11,65961728,11,66050729
2095,16,56429133,16,70523791
2096,16,56429133,16,30350773
2097,12,69239569,12,48829756
2098,2,85602856,2,24067586
2099,2,85602856,2,197388515
2100,20,16729961,20,63981132
2101,2,24067586,2,197388515
2102,1,149923317,1,31259568
2103,1,149923317,1,37956975
2104,16,70523791,16,30350773
2105,19,45687454,19,54115410
2106,1,31259568,1,37956975
2107,3,88051944,3,48440257
2108,5,148383935,5,93617725
2109,2,105744912,2,74549026
2110,1,230314490,1,75786197
2111,6,52831655,6,52750087
2112,1,100872372,1,27098809
2113,17,7484366,17,75626845
2114,18,79679801,18,35984387
2116,1,92299059,1,150363091
2117,1,92299059,1,26876132
2118,15,57706695,15,57591908
2119,1,150363091,1,26876132
2120,19,35742464,19,55654146
2121,12,12715058,12,55966781
2122,16,53433977,16,88803789
2123,16,53433977,16,3725054
2124,16,88803789,16,3725054
2126,1,150960583,1,233614106
2127,6,130839347,6,138422043
2128,19,19900913,19,39834458
2129,7,111726110,7,149126416
2130,7,111726110,7,36854361
2131,7,149126416,7,36854361
2132,12,54395261,12,55684568
2133,17,82101460,17,8188345
2134,2,100562993,2,99318982
2135,7,74174245,7,26173057
2136,16,67873052,16,15594387
2137,2,186590056,2,172427354
2139,1,27354067,1,154983338
2140,2,55287842,2,241687085
2141,7,151232489,7,65960684
2142,11,124633113,11,867859
2143,11,124633113,11,60924463
2144,11,124633113,11,82822936
2145,11,124633113,11,11270877
2146,11,867859,11,60924463
2147,11,867859,11,82822936
2148,11,867859,11,11270877
2149,11,60924463,11,82822936
2150,11,60924463,11,11270877
2151,11,82822936,11,11270877
2152,19,12646511,19,42325609
2153,5,109689366,5,102753981
2154,20,57168753,20,45898621
2155,22,36487190,22,17084954
2156,22,36487190,22,50622754
2157,22,17084954,22,50622754
2158,13,31199975,13,102784281
2159,13,31199975,13,95801580
2160,1,184690237,1,235975830
2161,17,80206716,17,42536241
2162,3,50317790,3,126988594
2163,13,102784281,13,95801580
2164,16,31090842,16,15949577
2165,17,8224815,17,75979240
2167,1,156212982,1,212726153
2168,1,156212982,1,163266576
2169,1,156212993,1,212726153
2170,1,156212993,1,163266576
2171,1,212726153,1,163266576
2173,1,1702379,1,150218417
2174,1,1635227,1,150218417
2175,2,197515571,2,36837698
2176,1,114769479,1,110031577
2177,1,114769479,1,112396214
2178,1,110031577,1,112396214
2179,1,153633982,1,203795654
2180,22,29505879,22,42583721
2181,9,33041765,9,6413151
2182,6,138903493,6,75749192
2183,6,138903493,6,17759183
2184,19,46838136,19,1815248
2185,19,46838136,19,49766968
2186,19,1815248,19,49766968
2187,2,69457997,2,188291669
2188,6,75749192,6,17759183
2189,14,81260656,14,73275107
2190,11,17077730,11,924894
2192,11,67583742,11,117199370
2193,1,145241630,1,23801885
2194,1,1921951,1,155247205
2195,2,127701027,2,9423651
2196,8,143289676,8,144827464
2197,1,234391313,1,231241207
2198,1,152409243,1,153001747
2199,2,71064344,2,31867809
2200,1,88852633,1,206928522
2201,12,49188736,12,20369245
2202,1,1512162,1,36155579
2203,12,52644558,12,52674736
2204,3,186789880,3,129314771
2205,3,186789880,3,51993522
2206,3,129314771,3,51993522
2207,7,74231499,7,100428790
2208,1,185118101,1,244840638
2209,4,1211448,4,17841199
2210,X,18892298,X,72578814
2211,16,47461123,16,30748293
2212,1,151197949,1,75786197
2213,17,5282265,17,42980565
2214,3,69019827,3,70952817
2215,6,127288712,6,31827738
2216,10,14897359,10,73785582
2217,12,31280584,12,118376555
2218,4,173369969,4,183505058
2219,14,58298504,14,35826338
2221,2,240605430,2,131218067
2222,16,1984193,16,5084284
2223,17,42536241,17,80206716
2224,1,160276812,1,20499448
2225,4,1211448,4,17841199
2226,3,108160812,3,160256986
2227,2,238320441,2,177548998
2228,8,144423601,8,17246931
2229,11,18468336,11,61130257
2230,17,28744005,17,17042545
2231,1,241847967,1,228487382
2232,16,75647773,16,69355567
2233,14,105736343,14,105639559
2234,14,105736343,14,94376747
2235,14,105639559,14,94376747
2236,6,33064569,6,117453817
2237,22,46684410,22,46762617
2238,12,49018975,12,6924463
2239,X,44873177,X,104166453
2240,1,88979456,1,15836095
2241,15,101281510,15,24823637
2242,16,46796603,16,1612337
2243,14,105736343,14,105639559
2244,17,18476737,17,27629798
2245,17,18476737,17,20449395
2246,17,27629798,17,20449395
2248,9,133030675,9,132670035
2249,2,27325849,2,196763035
2250,3,135965728,3,45555394
2251,5,115841592,5,78000525
2252,1,10398592,1,23795599
2253,12,122527246,12,120127202
2254,7,44606572,7,107891162
2257,7,79768028,7,93921735
2258,5,148383935,5,93617725
2259,1,86862445,1,23778418
2260,3,5187646,3,126006355
2264,19,13764522,19,7926718
2266,12,51061205,12,110719680
2267,12,6924463,12,121804180
2268,6,132445867,6,147204425
2269,17,49404049,17,7217125
2270,17,49404049,17,75038863
2271,17,7217125,17,75038863
2272,12,6965327,12,56638175
2273,12,6965327,12,110280756
2274,12,56638175,12,110280756
2275,4,672436,4,185143266
2276,21,25716503,21,33903453
2277,12,51061205,12,110719680
2278,5,43486709,5,79991311
2279,2,74549026,2,9206765
2280,2,74549026,2,105744912
2281,11,119206298,11,72685069
2282,2,9206765,2,105744912
2283,8,9002147,8,70109782
2284,X,53936676,X,151912509
2285,X,53936676,X,149581653
2286,X,53936676,X,152133310
2287,X,151912509,X,149581653
2288,X,151912509,X,152133310
2289,12,110468415,12,8032716
2290,X,149581653,X,152133310
2291,18,35332227,18,35241030
2295,19,56132599,19,58474017
2296,17,7251416,17,28950513
2297,3,47495640,3,179323031
2298,12,6199715,12,55820960
2299,15,51938025,15,78277835
2300,15,51938025,15,41408408
2301,15,78277835,15,41408408
2302,19,42866464,19,43166256
2303,19,42866464,19,42902079
2304,19,43166256,19,42902079
2305,1,36084094,1,54542257
2306,12,51061205,12,110719680
2307,1,230314490,1,75786197
2308,6,97142161,6,25726777
2309,9,88388430,9,32540544
2310,11,57703714,11,93784227
2311,17,6643311,17,4731428
2312,19,16574907,19,39391303
2313,11,46701030,11,59107185
2314,11,46701030,11,64803510
2315,11,59107185,11,64803510
2316,6,3268962,6,73593379
2317,5,151437046,5,52787916
2318,5,151437046,5,52989340
2319,1,1081818,1,236518000
2321,2,28751640,2,191245185
2322,3,49007062,3,179148114
2323,3,49007062,3,138652698
2324,1,46040140,1,9651731
2325,3,179148114,3,138652698
2326,1,158930796,1,17249098
2327,6,39899578,6,107152562
2328,17,10443290,17,40977716
2329,1,214348700,1,2050411
2330,1,153606886,1,153614255
2331,22,37848868,22,36510855
2332,16,28379579,16,28688558
2333,19,38619082,19,10115014
2334,8,116642130,8,108201216
2335,2,86020216,2,112541915
2336,17,42113111,17,37406886
2337,14,21385194,14,36298564
2338,1,93345907,1,110947190
2339,1,93345907,1,77562416
2340,3,9779860,3,20040446
2341,3,9779860,3,183697797
2342,1,110947190,1,77562416
2343,3,20040446,3,183697797
2345,19,48332356,19,10512742
2346,14,50719763,14,100537147
2347,14,50719763,14,104865268
2348,14,100537147,14,104865268
2349,16,57758217,16,74621399
2350,10,68341107,10,97332497
2351,5,10353695,5,134873803
2352,3,94047836,3,50317790
2353,19,39834458,19,19900913
2354,2,27444377,2,238320441
2355,16,726936,16,58157907
2356,12,53006158,12,104215779
2357,2,105744912,2,74549026
2358,2,71064344,2,9473658
2359,1,32651142,1,6101787
2360,5,87318416,5,69234795
2361,10,114821744,10,26697701
2362,7,79768028,7,80458635
2363,1,25222276,1,114567557
2364,11,94962620,11,107326345
2365,2,105744912,2,74549026
2367,6,26457904,6,43076307
2368,6,26383096,6,43076307
2369,17,40977716,17,10492307
2370,17,40977716,17,10443290
2371,17,10492307,17,10443290
2372,19,10553085,19,16517894
2373,19,10553085,19,47745546
2374,19,10553085,19,42068477
2375,19,10553085,19,18831938
2376,19,10553085,19,10106223
2377,19,10553085,19,58386400
2378,19,10553085,19,17933015
2379,16,30778456,16,67562467
2380,16,30778456,16,50152911
2381,16,30778456,16,30524004
2382,16,30778456,16,31060843
2383,16,30778456,16,30407414
2384,16,30778456,16,30602558
2385,16,30778456,16,69337996
2386,16,30778456,16,11833850
2387,16,30778456,16,4803203
2388,16,30778456,16,19701937
2389,5,154712843,5,34915677
2390,5,154712843,5,55256055
2391,5,154712843,5,16451519
2392,5,154712843,5,176383938
2393,5,154712843,5,113513694
2394,5,154712843,5,74766991
2395,5,154712843,5,140107777
2396,5,154712843,5,126600925
2397,5,154712843,5,81301587
2398,12,56118260,12,113157174
2399,12,56118260,12,10699089
2400,12,56118260,12,113816738
2401,12,56118260,12,75490863
2402,12,56118260,12,12813316
2403,12,56118260,12,66116555
2404,12,56118260,12,42312086
2405,12,56118260,12,82223681
2406,12,56118260,12,121000486
2407,12,56118260,12,56041351
2408,17,4538897,17,7288263
2409,17,4538897,17,36948954
2410,17,4538897,17,81666737
2411,17,4538897,17,2322396
2412,17,4538897,17,63819433
2413,17,4538897,17,76038775
2414,17,4538897,17,51260546
2415,17,7288263,17,36948954
2416,17,7288263,17,81666737
2417,17,7288263,17,2322396
2418,17,7288263,17,63819433
2419,17,7288263,17,76038775
2420,17,7288263,17,51260546
2421,17,36948954,17,81666737
2422,17,36948954,17,2322396
2423,17,36948954,17,63819433
2424,17,36948954,17,76038775
2425,17,36948954,17,51260546
2426,5,34915677,5,55256055
2427,5,34915677,5,16451519
2428,5,34915677,5,176383938
2429,5,34915677,5,113513694
2430,5,34915677,5,74766991
2431,5,34915677,5,140107777
2432,5,34915677,5,126600925
2433,5,34915677,5,81301587
2434,4,112637107,4,88457119
2435,4,112637107,4,128061286
2436,4,112637107,4,109815510
2437,4,112637107,4,143513702
2438,4,112637107,4,4267701
2439,4,112637107,4,1871393
2440,16,67562467,16,50152911
2441,16,67562467,16,30524004
2442,16,67562467,16,31060843
2443,16,67562467,16,30407414
2444,16,67562467,16,30602558
2445,16,67562467,16,69337996
2446,16,67562467,16,11833850
2447,16,67562467,16,4803203
2448,16,67562467,16,19701937
2449,6,5261044,6,109462594
2450,6,5261044,6,10694972
2451,6,5261044,6,42879616
2452,6,5261044,6,104936616
2453,6,5261044,6,143843338
2454,6,5261044,6,28141883
2455,6,5261044,6,26596953
2456,6,5261044,6,31959117
2457,5,55256055,5,16451519
2458,5,55256055,5,176383938
2459,5,55256055,5,113513694
2460,5,55256055,5,74766991
2461,5,55256055,5,140107777
2462,5,55256055,5,126600925
2463,5,55256055,5,81301587
2464,9,20658309,9,33461353
2465,9,20658309,9,132375548
2466,9,20658309,9,133328776
2467,9,20658309,9,133406059
2468,9,20658309,9,128819651
2469,9,20658309,9,132592997
2470,9,20658309,9,101398873
2471,9,33461353,9,132375548
2472,9,33461353,9,133328776
2473,9,33461353,9,133406059
2474,9,33461353,9,128819651
2475,9,33461353,9,132592997
2476,9,33461353,9,101398873
2477,19,16517894,19,47745546
2478,19,16517894,19,42068477
2479,19,16517894,19,18831938
2480,19,16517894,19,10106223
2481,19,16517894,19,58386400
2482,19,16517894,19,17933015
2483,12,113157174,12,10699089
2484,12,113157174,12,113816738
2485,12,113157174,12,75490863
2486,12,113157174,12,12813316
2487,12,113157174,12,66116555
2488,12,113157174,12,42312086
2489,12,113157174,12,82223681
2490,12,113157174,12,121000486
2491,12,113157174,12,56041351
2492,1,228100726,1,84479259
2493,1,228100726,1,20740266
2494,1,228100726,1,45340052
2495,1,228100726,1,24631716
2496,1,228100726,1,112673141
2497,1,228100726,1,67407810
2498,1,228100726,1,224227334
2499,1,228100726,1,37566816
2500,1,228100726,1,113761832
2501,1,228100726,1,19251805
2502,1,228100726,1,156594487
2503,1,228100726,1,39560816
2504,11,18606403,11,6595072
2505,11,18606403,11,34105617
2506,11,18606403,11,108665069
2507,11,18606403,11,116748170
2508,11,18606403,11,66050729
2509,11,18606403,11,17074388
2510,11,18606403,11,60842113
2511,21,43659560,21,41798225
2512,11,6595072,11,34105617
2513,11,6595072,11,108665069
2514,11,6595072,11,116748170
2515,11,6595072,11,66050729
2516,11,6595072,11,17074388
2517,11,6595072,11,60842113
2518,12,10699089,12,113816738
2519,12,10699089,12,75490863
2520,12,10699089,12,12813316
2521,12,10699089,12,66116555
2522,12,10699089,12,42312086
2523,12,10699089,12,82223681
2524,12,10699089,12,121000486
2525,12,10699089,12,56041351
2526,19,47745546,19,42068477
2527,19,47745546,19,18831938
2528,19,47745546,19,10106223
2529,19,47745546,19,58386400
2530,19,47745546,19,17933015
2531,22,31399604,22,32387582
2532,22,31399604,22,37805093
2533,22,31399604,22,37681673
2534,12,113816738,12,75490863
2535,12,113816738,12,12813316
2536,12,113816738,12,66116555
2537,12,113816738,12,42312086
2538,12,113816738,12,82223681
2539,12,113816738,12,121000486
2540,12,113816738,12,56041351
2541,17,81666737,17,2322396
2542,17,81666737,17,63819433
2543,17,81666737,17,76038775
2544,17,81666737,17,51260546
2545,5,16451519,5,176383938
2546,5,16451519,5,113513694
2547,5,16451519,5,74766991
2548,5,16451519,5,140107777
2549,5,16451519,5,126600925
2550,5,16451519,5,81301587
2551,3,97941818,3,47802909
2552,3,97941818,3,51933429
2553,3,97941818,3,52681156
2554,3,97941818,3,101648889
2555,3,97941818,3,197737179
2556,12,75490863,12,12813316
2557,12,75490863,12,66116555
2558,12,75490863,12,42312086
2559,12,75490863,12,82223681
2560,12,75490863,12,121000486
2561,12,75490863,12,56041351
2562,5,176383938,5,113513694
2563,5,176383938,5,74766991
2564,5,176383938,5,140107777
2565,5,176383938,5,126600925
2566,5,176383938,5,81301587
2567,11,34105617,11,108665069
2568,11,34105617,11,116748170
2569,11,34105617,11,66050729
2570,11,34105617,11,17074388
2571,11,34105617,11,60842113
2572,2,202874782,2,112211529
2573,2,202874782,2,27582969
2574,2,202874782,2,38797729
2575,2,202874782,2,37201612
2576,2,202874782,2,121726945
2577,1,84479259,1,20740266
2578,1,84479259,1,45340052
2579,1,84479259,1,24631716
2580,1,84479259,1,112673141
2581,1,84479259,1,67407810
2582,1,84479259,1,224227334
2583,1,84479259,1,37566816
2584,1,84479259,1,113761832
2585,1,84479259,1,19251805
2586,1,84479259,1,156594487
2587,1,84479259,1,39560816
2588,8,33485182,8,145052465
2589,8,33485182,8,73420369
2590,8,33485182,8,63168553
2591,8,33485182,8,116766505
2592,8,33485182,8,144262045
2593,8,33485182,8,66429014
2594,8,33485182,8,98117293
2595,7,99616946,7,128297685
2596,7,99616946,7,139043515
2597,7,99616946,7,996986
2598,7,99616946,7,77696459
2599,11,108665069,11,116748170
2600,11,108665069,11,66050729
2601,11,108665069,11,17074388
2602,11,108665069,11,60842113
2603,2,112211529,2,27582969
2604,2,112211529,2,38797729
2605,2,112211529,2,37201612
2606,2,112211529,2,121726945
2607,8,145052465,8,73420369
2608,8,145052465,8,63168553
2609,8,145052465,8,116766505
2610,8,145052465,8,144262045
2611,8,145052465,8,66429014
2612,8,145052465,8,98117293
2613,19,42068477,19,18831938
2614,19,42068477,19,10106223
2615,19,42068477,19,58386400
2616,19,42068477,19,17933015
2617,16,50152911,16,30524004
2618,16,50152911,16,31060843
2619,16,50152911,16,30407414
2620,16,50152911,16,30602558
2621,16,50152911,16,69337996
2622,16,50152911,16,11833850
2623,16,50152911,16,4803203
2624,16,50152911,16,19701937
2625,8,73420369,8,63168553
2626,8,73420369,8,116766505
2627,8,73420369,8,144262045
2628,8,73420369,8,66429014
2629,8,73420369,8,98117293
2630,16,30524004,16,31060843
2631,16,30524004,16,30407414
2632,16,30524004,16,30602558
2633,16,30524004,16,69337996
2634,16,30524004,16,11833850
2635,16,30524004,16,4803203
2636,16,30524004,16,19701937
2637,20,49113339,20,21303331
2638,20,49113339,20,23362182
2639,20,49113339,20,49219295
2640,20,49113339,20,297570
2641,4,88457119,4,128061286
2642,4,88457119,4,109815510
2643,4,88457119,4,143513702
2644,4,88457119,4,4267701
2645,4,88457119,4,1871393
2646,4,128061286,4,109815510
2647,4,128061286,4,143513702
2648,4,128061286,4,4267701
2649,4,128061286,4,1871393
2650,7,128297685,7,139043515
2651,7,128297685,7,996986
2652,7,128297685,7,77696459
2653,1,20740266,1,45340052
2654,1,20740266,1,24631716
2655,1,20740266,1,112673141
2656,1,20740266,1,67407810
2657,1,20740266,1,224227334
2658,1,20740266,1,37566816
2659,1,20740266,1,113761832
2661,1,20740266,1,156594487
2662,1,20740266,1,39560816
2663,5,113513694,5,74766991
2664,5,113513694,5,140107777
2665,5,113513694,5,126600925
2666,5,113513694,5,81301587
2667,15,48134632,15,55180806
2668,15,48134632,15,75639085
2669,15,48134632,15,82536750
2670,15,48134632,15,34978341
2671,15,48134632,15,33866227
2672,12,12813316,12,66116555
2673,12,12813316,12,42312086
2674,12,12813316,12,82223681
2675,12,12813316,12,121000486
2676,12,12813316,12,56041351
2677,X,119588337,X,101390824
2678,X,119588337,X,54530211
2679,X,119588337,X,130401987
2680,22,32387582,22,37805093
2681,22,32387582,22,37681673
2682,8,63168553,8,116766505
2683,8,63168553,8,144262045
2684,8,63168553,8,66429014
2685,8,63168553,8,98117293
2686,2,27582969,2,38797729
2687,2,27582969,2,37201612
2688,2,27582969,2,121726945
2689,7,139043515,7,996986
2690,7,139043515,7,77696459
2691,17,2322396,17,63819433
2692,17,2322396,17,76038775
2693,17,2322396,17,51260546
2694,8,116766505,8,144262045
2695,8,116766505,8,66429014
2696,8,116766505,8,98117293
2697,6,109462594,6,10694972
2698,6,109462594,6,42879616
2699,6,109462594,6,104936616
2700,6,109462594,6,143843338
2701,6,109462594,6,28141883
2702,6,109462594,6,26596953
2703,6,109462594,6,31959117
2704,2,38797729,2,37201612
2705,2,38797729,2,121726945
2706,12,66116555,12,42312086
2707,12,66116555,12,82223681
2708,12,66116555,12,121000486
2709,12,66116555,12,56041351
2710,X,101390824,X,54530211
2711,X,101390824,X,130401987
2712,3,47802909,3,51933429
2713,3,47802909,3,52681156
2714,3,47802909,3,101648889
2715,3,47802909,3,197737179
2716,9,132375548,9,133328776
2717,9,132375548,9,133406059
2718,9,132375548,9,128819651
2719,9,132375548,9,132592997
2720,9,132375548,9,101398873
2721,7,996986,7,77696459
2722,16,31060843,16,30407414
2723,16,31060843,16,30602558
2724,16,31060843,16,69337996
2725,16,31060843,16,11833850
2726,16,31060843,16,4803203
2727,16,31060843,16,19701937
2728,15,55180806,15,75639085
2729,15,55180806,15,82536750
2730,15,55180806,15,34978341
2731,15,55180806,15,33866227
2732,4,109815510,4,143513702
2733,4,109815510,4,4267701
2734,4,109815510,4,1871393
2735,10,42782795,10,97356358
2736,10,42782795,10,68956170
2737,10,42782795,10,45000923
2738,10,42782795,10,68901286
2739,10,42782795,10,78033760
2740,10,42782795,10,94333226
2741,6,10694972,6,42879616
2742,6,10694972,6,104936616
2743,6,10694972,6,143843338
2744,6,10694972,6,28141883
2745,6,10694972,6,26596953
2746,6,10694972,6,31959117
2747,12,42312086,12,82223681
2748,12,42312086,12,121000486
2749,12,42312086,12,56041351
2750,19,18831938,19,10106223
2751,19,18831938,19,58386400
2752,19,18831938,19,17933015
2753,17,63819433,17,76038775
2754,17,63819433,17,51260546
2755,5,74766991,5,140107777
2756,5,74766991,5,126600925
2757,5,74766991,5,81301587
2759,9,133328776,9,128819651
2760,9,133328776,9,132592997
2761,9,133328776,9,101398873
2762,X,54530211,X,130401987
2763,22,37805093,22,37681673
2764,1,45340052,1,24631716
2765,1,45340052,1,112673141
2766,1,45340052,1,67407810
2767,1,45340052,1,224227334
2768,1,45340052,1,37566816
2769,1,45340052,1,113761832
2770,1,45340052,1,19251805
2771,1,45340052,1,156594487
2772,1,45340052,1,39560816
2773,4,143513702,4,4267701
2774,4,143513702,4,1871393
2775,1,24631716,1,112673141
2776,1,24631716,1,67407810
2777,1,24631716,1,224227334
2778,1,24631716,1,37566816
2779,1,24631716,1,113761832
2780,1,24631716,1,19251805
2781,1,24631716,1,156594487
2782,1,24631716,1,39560816
2783,8,144262045,8,66429014
2784,8,144262045,8,98117293
2785,1,112673141,1,67407810
2786,1,112673141,1,224227334
2787,1,112673141,1,37566816
2789,1,112673141,1,19251805
2790,1,112673141,1,156594487
2791,1,112673141,1,39560816
2792,6,42879616,6,104936616
2793,6,42879616,6,143843338
2794,6,42879616,6,28141883
2795,6,42879616,6,26596953
2796,6,42879616,6,31959117
2797,19,10106223,19,58386400
2798,19,10106223,19,17933015
2799,11,116748170,11,66050729
2800,11,116748170,11,17074388
2801,11,116748170,11,60842113
2802,11,66050729,11,17074388
2803,11,66050729,11,60842113
2804,14,23469689,14,94048287
2805,1,67407810,1,224227334
2806,1,67407810,1,37566816
2807,1,67407810,1,113761832
2808,1,67407810,1,19251805
2809,1,67407810,1,156594487
2810,1,67407810,1,39560816
2811,11,17074388,11,60842113
2812,4,4267701,4,1871393
2813,9,133406059,9,128819651
2814,9,133406059,9,132592997
2815,9,133406059,9,101398873
2816,2,37201612,2,121726945
2817,3,51933429,3,52681156
2818,3,51933429,3,101648889
2819,3,51933429,3,197737179
2820,15,75639085,15,82536750
2821,15,75639085,15,34978341
2822,15,75639085,15,33866227
2823,20,21303331,20,23362182
2824,20,21303331,20,49219295
2825,20,21303331,20,297570
2826,12,82223681,12,121000486
2827,12,82223681,12,56041351
2828,1,224227334,1,37566816
2829,1,224227334,1,113761832
2830,1,224227334,1,19251805
2831,1,224227334,1,156594487
2832,1,224227334,1,39560816
2833,6,104936616,6,143843338
2834,6,104936616,6,28141883
2835,6,104936616,6,26596953
2836,6,104936616,6,31959117
2837,6,143843338,6,28141883
2838,6,143843338,6,26596953
2839,6,143843338,6,31959117
2840,19,58386400,19,17933015
2841,5,140107777,5,126600925
2842,5,140107777,5,81301587
2843,16,30407414,16,30602558
2844,16,30407414,16,69337996
2845,16,30407414,16,11833850
2846,16,30407414,16,4803203
2847,16,30407414,16,19701937
2848,15,82536750,15,34978341
2849,15,82536750,15,33866227
2850,1,37566816,1,113761832
2851,1,37566816,1,19251805
2852,1,37566816,1,156594487
2853,1,37566816,1,39560816
2854,15,34978341,15,33866227
2855,20,23362182,20,49219295
2856,20,23362182,20,297570
2857,5,126600925,5,81301587
2858,16,30602558,16,69337996
2859,16,30602558,16,11833850
2860,16,30602558,16,4803203
2861,16,30602558,16,19701937
2862,3,52681156,3,101648889
2863,3,52681156,3,197737179
2864,10,97356358,10,68956170
2865,10,97356358,10,45000923
2866,10,97356358,10,68901286
2867,10,97356358,10,78033760
2868,10,97356358,10,94333226
2869,10,68956170,10,45000923
2870,10,68956170,10,68901286
2871,10,68956170,10,78033760
2872,10,68956170,10,94333226
2873,3,101648889,3,197737179
2874,10,45000923,10,68901286
2875,10,45000923,10,78033760
2876,10,45000923,10,94333226
2877,10,68901286,10,78033760
2878,10,68901286,10,94333226
2879,1,113761832,1,19251805
2880,1,113761832,1,156594487
2881,1,113761832,1,39560816
2882,10,78033760,10,94333226
2883,9,128819651,9,132592997
2884,9,128819651,9,101398873
2885,1,19251805,1,156594487
2886,1,19251805,1,39560816
2887,20,49219295,20,297570
2888,9,132592997,9,101398873
2889,16,69337996,16,11833850
2890,16,69337996,16,4803203
2891,16,69337996,16,19701937
2892,8,66429014,8,98117293
2893,16,11833850,16,4803203
2894,16,11833850,16,19701937
2895,16,4803203,16,19701937
2896,6,28141883,6,26596953
2897,6,28141883,6,31959117
2898,17,76038775,17,51260546
2899,1,156594487,1,39560816
2900,12,121000486,12,56041351
2901,6,26596953,6,31959117
2902,9,83834099,9,132891348
2903,1,8861000,1,47333797
2904,19,2236824,19,54115410
2905,19,12791486,19,18279694
2906,14,69259277,14,49620799
2907,1,160276812,1,20499448
2908,14,93202894,14,20446401
2909,10,91163012,10,22321099
2910,2,130181737,2,131464900
2911,15,22983192,15,43369221
2912,13,112485011,13,72708367
2913,X,10445310,X,2828822
2914,11,33077188,11,83156988
2915,6,32439878,6,32934629
2916,22,44492583,22,38200767
2917,16,75293698,16,58157907
2918,20,472498,20,25070885
2919,8,143723933,8,123178960
2920,4,75724593,4,109433772
2921,19,38836388,19,797075
2922,10,128096659,10,806914
2923,10,128096659,10,30309801
2924,10,806914,10,30309801
2926,1,54225432,1,87328880
2927,3,186783205,3,184314495
2928,12,110452486,12,106357748
2930,4,154535005,4,39822863
2931,1,114567557,1,156082573
2932,1,21596215,1,109548615
2933,19,797075,19,7958573
2934,19,43192702,19,43007656
2935,19,7763149,19,7739993
2936,17,16029157,17,7311324
2938,1,206053173,1,108970214
2939,X,152133310,X,53936676
2940,12,110468415,12,8032716
2941,4,73397114,4,154562956
2942,4,73397114,4,154604134
2944,4,185204237,4,98470367
2945,16,4748239,16,3263800
2946,10,7750962,10,94501434
2947,1,23019443,1,32292083
2948,1,23019443,1,211258377
2949,1,32292083,1,211258377
2950,13,59665583,13,23328826
2952,7,138831381,7,131500262
2953,X,153179284,X,30230436
2954,X,153179284,X,26192440
2955,X,30230436,X,26192440
2956,5,78777209,5,95555101
2957,3,121835183,3,15427598
2958,17,82101460,17,8188345
2959,17,43483865,17,34961540
2960,6,34889255,6,35297818
2961,16,67657512,16,75647773
2962,16,67657512,16,69355567
2963,16,75647773,16,69355567
2964,1,230314490,1,75786197
2965,5,70182128,5,69560208
2966,9,13105704,9,69427532
2967,2,10302889,2,37099210
2968,17,81189593,17,6578147
2969,1,226989865,1,224114111
2970,19,35523367,19,39196964
2971,4,1211448,4,17841199
2972,2,61888724,2,117915478
2973,10,22316386,10,119104086
2974,X,17375420,X,16719612
2975,6,138903493,6,75749192
2976,5,39371675,5,72956041
2977,14,81260656,14,73275107
2978,1,6264269,1,16440721
2982,10,58269162,10,30309801
2983,20,1629152,20,1894167
2984,3,50088919,3,101574180
2985,11,34915829,11,112024814
2986,17,42287547,17,42199177
2987,10,69123512,10,45727200
2988,11,64318121,11,86441108
2989,22,29268009,22,32387582
2990,18,63637259,18,63655197
2993,6,29826967,6,31268749
2996,6,29941260,6,31268749
2998,6,29887752,6,31268749
3000,6,31268749,6,29722775
3001,X,129981107,X,40049815
3002,6,34889255,6,35297818
3003,17,1464186,17,29071124
3004,7,151085831,7,73328161
3005,1,67701475,1,1785285
3006,1,9234775,1,11664200
3007,4,6575189,4,87422573
3008,17,7251416,17,28950513
3009,3,179323031,3,47495640
3010,11,67605653,11,47565336
3011,2,241315100,2,1631887
3012,2,216107464,2,68467572
3013,16,1349240,16,2460086
3014,15,31326835,15,43323649
3015,5,148383935,5,93617725
3016,11,576470,11,112074086
3017,7,102637025,7,66995173
3018,6,31827738,6,57172326
3019,11,32583798,11,10797050
3020,11,32583798,11,7970251
3021,11,10797050,11,7970251
3022,8,108201216,8,116642130
3023,22,37848868,22,38685543
3024,22,37848868,22,36510855
3025,16,28379579,16,28688558
3026,22,38685543,22,36510855
3027,19,10115014,19,38619082
3028,7,41667168,7,20330702
3029,1,161505430,1,40691648
3030,17,43483865,17,34961540
3031,17,38733898,17,63550477
3032,X,40049815,X,106813871
3033,X,40049815,X,129981107
3034,12,42157104,12,121429096
3035,X,106813871,X,129981107
3036,6,15522801,6,139240061
3037,X,16946658,X,52061827
3038,2,163593396,2,210431249
3039,9,81583683,9,79571773
3040,5,148383935,5,93617725
3041,2,63892146,2,3188925
3042,16,30923055,16,57152466
3044,12,57819927,12,6844793
3045,11,65116403,11,2400488
3046,16,2537979,16,2682523
3047,4,1211448,4,17841199
3048,8,123041968,8,67062426
3049,1,15409888,1,154924740
3050,1,15409888,1,165662216
3051,1,15409888,1,150600851
3052,1,154924740,1,165662216
3053,1,154924740,1,150600851
3054,1,165662216,1,150600851
3061,1,248810446,1,156061160
3062,12,122019422,12,56162359
3063,16,30833626,16,50313487
3064,3,25597905,3,52545352
3065,3,25597905,3,179562886
3066,3,52545352,3,179562886
3067,7,151238764,7,100643097
3068,7,151238764,7,73536356
3069,7,100643097,7,73536356
3070,19,49976468,19,55600022
3071,7,99416739,7,75027122
3072,9,88388430,9,32540544
3073,11,14443440,11,118572390
3074,22,44752558,22,44702233
3075,12,55469200,12,8822621
3076,12,52897187,12,52487176
3077,19,42721638,19,42866464
3078,19,42721638,19,43166256
3079,19,42721638,19,42902079
3080,19,42866464,19,43166256
3081,19,42866464,19,42902079
3082,19,43166256,19,42902079
3083,9,128818500,9,33025273
3084,12,51061205,12,110719680
3085,19,36003307,19,45333434
3086,19,2321520,19,12945855
3087,8,143289676,8,144827464
3088,12,110719680,12,51061205
3089,6,112070663,6,44298731
3090,15,31326835,15,43323649
3091,22,21666009,22,30291990
3092,5,148383935,5,93617725
3093,19,1573596,19,19385826
3094,1,153789030,1,6101787
3095,1,153789030,1,155002630
3096,1,6101787,1,155002630
3097,12,49018975,12,6924463
3098,22,19875517,22,43824509
3099,2,241149576,2,28751640
3100,17,20579724,17,14235673
3101,4,6640091,4,6707701
3102,16,71358713,16,58462846
3103,16,71358713,16,82626965
3104,X,47571901,X,153861514
3105,16,58462846,16,82626965
3106,7,73699206,7,38383704
3107,4,157204182,4,112818032
3108,4,157204182,4,89700345
3109,3,133824235,3,128726183
3110,4,112818032,4,89700345
3111,20,23374519,20,10218830
3112,X,153179284,X,30230436
3113,X,153179284,X,26192440
3114,X,30230436,X,26192440
3115,1,19338775,1,112619805
3116,2,38561969,2,113890063
3117,12,6534512,12,6867119
3118,1,153981617,1,229271062
3119,16,89644435,16,71845996
3120,17,64542282,17,17212212
3121,16,69762306,16,78099430
3122,6,42206807,6,30617840
3123,3,15042460,3,185643739
3124,3,15042460,3,139005806
3125,1,155687960,1,175010789
3126,1,155687960,1,150293720
3127,1,155687960,1,36455718
3128,1,175010789,1,150293720
3129,1,175010789,1,36455718
3130,7,141002610,7,43866558
3131,7,141002610,7,55951877
3132,7,43866558,7,55951877
3133,2,86106223,2,105038069
3134,2,86106223,2,95085369
3135,17,75261674,17,28855010
3136,17,75261674,17,57834781
3137,3,185643739,3,139005806
3138,1,150293720,1,36455718
3139,17,28855010,17,57834781
3140,2,105038069,2,95085369
3142,9,97501180,9,85546539
3143,6,132445867,6,147204425
3144,X,57118551,X,63347228
3145,1,152759561,1,150508062
3146,2,99545419,2,134918235
3147,1,160276812,1,25800176
3148,1,160276812,1,20499448
3149,1,25800176,1,20499448
3150,1,153981617,1,229271062
3151,4,17841199,4,1211448
3152,2,163593396,2,210431249
3153,12,106237881,12,21501781
3154,12,106237881,12,94897055
3155,19,8308768,19,14566078
3156,12,21501781,12,94897055
3157,3,130850595,3,14124940
3158,3,130850595,3,120596328
3159,3,130850595,3,48599002
3160,5,1801400,5,140638740
3161,3,14124940,3,120596328
3162,3,14124940,3,48599002
3163,3,120596328,3,48599002
3164,3,52455118,3,133573730
3165,1,230314490,1,75786197
3166,10,100912963,10,121957091
3167,2,119366921,2,197500140
3169,6,155256134,6,26031594
3170,22,36467046,22,20017014
3171,1,6264269,1,16440721
3172,17,19215615,17,50532682
3173,17,44849948,17,58000919
3174,17,44849948,17,1650629
3175,1,193121958,1,186311652
3176,1,193121958,1,24631716
3177,1,193121958,1,70205682
3178,1,193121958,1,29147743
3179,1,186311652,1,24631716
3180,1,186311652,1,70205682
3181,1,186311652,1,29147743
3182,12,120461672,12,14784582
3183,1,24631716,1,70205682
3184,1,24631716,1,29147743
3185,14,73058532,14,23058564
3186,2,38743599,2,152651593
3187,2,38743599,2,96274338
3188,20,43457893,20,35701347
3189,7,100875103,7,139340359
3190,2,152651593,2,96274338
3191,17,58000919,17,1650629
3192,1,70205682,1,29147743
3193,X,16719612,X,120594010
3195,1,145917714,1,225982702
3196,10,100188300,10,102394110
3197,19,45001449,19,38899700
3198,1,235547685,1,1785285
3200,3,129127415,3,46921726
3201,3,129087569,3,46921726
3202,11,94962620,11,60890547
3203,1,39692182,1,114567557
3204,1,39692182,1,25222276
3205,1,114567557,1,25222276
3206,9,129812942,9,127731524
3207,12,56158161,12,56152256
3208,17,29390464,17,799310
3210,6,26457904,6,43076307
3211,6,26383096,6,43076307
3212,X,141111605,X,135020513
3213,12,69470349,12,108645109
3214,1,31259568,1,114567557
3215,10,14897359,10,73785582
3216,7,23181841,7,135557917
3217,9,128947699,9,131125586
3218,2,10721100,2,46490750
3219,3,15427598,3,121835183
3221,3,33150043,3,132417502
3222,12,82223681,12,56118260
3223,1,236518000,1,1081818
3224,5,56919602,5,181222499
3225,19,12666802,19,37907208
3226,2,26764289,2,233833416
3227,7,118184144,7,32485338
3228,7,81946444,7,55019017
3229,1,206684944,1,156463727
3230,1,206684944,1,46557408
3231,16,58059,16,29790719
3232,12,121237675,12,53994895
3233,12,121237675,12,12473282
3234,17,48595751,17,48621156
3235,12,53994895,12,12473282
3236,1,156463727,1,46557408
3237,7,75416786,7,72879365
3238,7,143244093,7,25118656
3239,19,39834458,19,21020634
3240,19,39834458,19,19900913
3241,19,21020634,19,19900913
3242,17,20999596,17,44191805
3243,4,2059327,4,98470367
3244,9,15422704,9,136375577
3245,2,86020216,2,112541915
3246,15,43746410,15,56421544
3247,16,2537979,16,2682523
3248,5,75511756,5,36606355
3249,4,1211448,4,17841199
3251,19,12796820,19,1407569
3252,19,43543040,19,49859882
3253,9,109498325,9,127794597
3254,5,178149460,5,52787916
3255,6,31827738,6,70667776
3256,19,13764522,19,7926718
3257,17,19495385,17,44557484
3258,1,17406760,1,32013868
3259,1,17406760,1,182839347
3260,1,32013868,1,182839347
3261,19,5623035,19,8444767
3262,5,79991311,5,43486709
3263,1,153658703,1,183186238
3264,6,139240061,6,15522801
3265,6,139240061,6,8013567
3266,12,12357078,12,55716037
3267,6,15522801,6,8013567
3268,5,81972023,5,115828200
3269,2,99318982,2,100562993
3270,2,99318982,2,61868085
3271,2,100562993,2,61868085
3273,14,72926377,14,49598761
3274,15,49106068,15,83016423
3275,3,120628172,3,15560699
3276,14,23321289,14,88562970
3277,11,70270700,11,74171267
3278,11,70270700,11,111726908
3279,11,74171267,11,111726908
3280,17,20999596,17,44191805
3281,9,137007234,9,95442980
3282,11,121292681,11,78100936
3283,1,113696831,1,55066359
3287,1,171485551,1,149839538
3288,19,41956681,19,45485294
3289,10,58385345,10,103594027
3290,12,20369245,12,49188736
3291,19,47113274,19,34428352
3292,14,52707178,14,52775193
3293,1,39081316,1,226144679
3294,1,113696831,1,145911350
3295,11,123723914,11,6926404
3296,9,37510892,9,34398184
3297,6,42206807,6,30617840
3298,3,15042460,3,139005806
3299,1,155687960,1,175010789
3300,1,155687960,1,150293720
3301,1,155687960,1,36455718
3302,1,175010789,1,150293720
3303,1,175010789,1,36455718
3304,7,141002610,7,43866558
3305,7,141002610,7,55951877
3306,7,43866558,7,55951877
3307,2,86106223,2,105038069
3308,2,86106223,2,95085369
3309,17,75261674,17,28855010
3310,17,75261674,17,57834781
3311,1,150293720,1,36455718
3312,17,28855010,17,57834781
3313,2,105038069,2,95085369
3314,X,12791355,X,107628424
3315,6,39899578,6,107152562
3316,12,118136124,12,6913745
3317,12,118136124,12,6534512
3318,12,6913745,12,6534512
3319,4,168497052,4,7058895
3320,17,7686071,17,4948092
3321,6,88047841,6,57046532
3322,12,55820960,12,55752463
3323,12,6534512,12,6867119
3324,1,52927276,1,8861000
3325,1,37492575,1,151176304
3326,7,120950763,7,98877933
3327,12,110280756,12,56638175
3328,2,100562993,2,99318982
3329,17,10492307,17,10628526
3330,17,10492307,17,10443290
3331,17,10492307,17,40977716
3332,17,10628526,17,10443290
3333,17,10628526,17,40977716
3334,17,10443290,17,40977716
3335,7,99473877,7,100049774
3336,16,3129777,16,3382081
3337,2,24049701,2,190189735
3338,9,136327476,9,137062127
3339,12,132084283,12,280057
3340,4,6640091,4,6707701
3341,12,110468415,12,8032716
3342,5,148383935,5,93617725
3343,5,115841592,5,78000525
3344,1,166856510,1,28589323
3345,13,41457550,13,110641412
3346,17,4669774,17,7561919
3351,1,151399560,1,205504595
3352,17,58982638,17,82101460
3353,17,58982638,17,8188345
3354,17,82101460,17,8188345
3355,22,41245611,22,45163925
3356,12,48042897,12,57055643
3357,4,1211448,4,17841199
3358,1,22025511,1,150600851
3359,7,111726110,7,149126416
3360,7,111726110,7,36854361
3361,7,149126416,7,36854361
3362,5,95751319,5,131159027